DISP_DATE,ORIG_PROV_CODE,ORIG_PROV_NAME,ORIG_DIST_CODE,ORIG_DIST_NAME,DISP_PROV_CODE,DISP_PROV_NAME,DISP_DIST_CODE,DISP_DIST_NAME,DISP_IND,DISP_FAM,DISP_ADULT_MALE,DISP_ADULT_FEMALE,DISP_CHILDREN_U18
#date+occurred,#admin1+code+x_origin,#admin1+name+x_origin,#admin2+code+x_origin,#admin2+name+x_origin,#admin1+code+x_destination,#admin1+name+x_destination,#admin2+code+x_destination,#admin2+name+x_destination,#affected+displaced,#affected+dispalced+families,#affected+displaced+m+adults,#affected+displaced+f+adults,#affected+dispalced+children
15-12-20,28,Faryab,2806,Qaysar,27,Jawzjan,2701,Shiberghan,161,23,,,
15-12-20,20,Sar-e-Pul,2007,Sancharak,27,Jawzjan,2701,Shiberghan,147,21,,,
15-12-20,20,Sar-e-Pul,2002,Sayad,27,Jawzjan,2701,Shiberghan,168,24,,,
15-12-20,27,Jawzjan,2707,Aqcha,27,Jawzjan,2707,Aqcha,196,28,,,
29-12-20,28,Faryab,2809,Bilcheragh,27,Jawzjan,2701,Shiberghan,77,11,,,
29-12-20,28,Faryab,2804,Shirintagab,27,Jawzjan,2701,Shiberghan,140,20,,,
29-12-20,20,Sar-e-Pul,2002,Sayad,27,Jawzjan,2701,Shiberghan,126,18,,,
29-12-20,20,Sar-e-Pul,2007,Sancharak,27,Jawzjan,2701,Shiberghan,175,25,,,
30-12-20,28,Faryab,2804,Shirintagab,27,Jawzjan,2701,Shiberghan,140,20,,,
30-12-20,20,Sar-e-Pul,2002,Sayad,27,Jawzjan,2701,Shiberghan,84,12,,,
30-12-20,20,Sar-e-Pul,2007,Sancharak,27,Jawzjan,2701,Shiberghan,112,16,,,
30-12-20,27,Jawzjan,2707,Aqcha,27,Jawzjan,2701,Shiberghan,203,29,,,
30-12-20,27,Jawzjan,2705,Fayzabad,27,Jawzjan,2701,Shiberghan,168,24,,,
16-11-20,31,Farah,3102,Bakwa,31,Farah,3101,Farah,23,5,,,
17-11-20,31,Farah,3103,Balabuluk,31,Farah,3101,Farah,55,10,,,
18-11-20,31,Farah,3101,Farah,31,Farah,3101,Farah,256,43,,,
19-11-20,31,Farah,3108,Lash-e-Juwayn,31,Farah,3101,Farah,39,6,,,
20-11-20,31,Farah,3105,Pushtrod,31,Farah,3101,Farah,140,24,,,
02-12-20,31,Farah,3101,Farah,31,Farah,3101,Farah,179,31,,,
02-12-20,31,Farah,3106,Qala-e-Kah,31,Farah,3101,Farah,19,5,,,
04-12-20,31,Farah,3105,Pushtrod,31,Farah,3101,Farah,97,15,,,
05-12-20,31,Farah,3103,Balabuluk,31,Farah,3101,Farah,111,16,,,
10-12-20,31,Farah,3103,Balabuluk,31,Farah,3101,Farah,114,18,,,
11-12-20,31,Farah,3101,Farah,31,Farah,3101,Farah,182,31,,,
12-12-20,31,Farah,3105,Pushtrod,31,Farah,3101,Farah,87,15,,,
13-12-20,31,Farah,3107,Shibkoh,31,Farah,3101,Farah,15,2,,,
15-12-20,29,Badghis,2904,Qadis,30,Hirat,3002,Injil,105,15,,,
15-12-20,21,Ghor,2102,Charsadra,21,Ghor,2101,Chaghcharan,19,3,,,
15-12-20,21,Ghor,2104,Dawlatyar,21,Ghor,2101,Chaghcharan,215,35,,,
15-12-20,21,Ghor,2103,DoLayna,21,Ghor,2101,Chaghcharan,11,2,,,
15-12-20,21,Ghor,2101,Chaghcharan,21,Ghor,2101,Chaghcharan,204,35,,,
16-12-20,21,Ghor,2105,Shahrak,30,Hirat,3002,Injil,98,14,,,
16-12-20,21,Ghor,2105,Shahrak,21,Ghor,2101,Chaghcharan,17,3,,,
17-12-20,28,Faryab,2804,Shirintagab,30,Hirat,3002,Injil,84,12,,,
17-12-20,21,Ghor,2106,Taywarah,21,Ghor,2101,Chaghcharan,13,2,,,
18-12-20,31,Farah,3110,Purchaman,30,Hirat,3002,Injil,70,10,,,
19-12-20,17,Kunduz,1706,Khanabad,30,Hirat,3002,Injil,126,18,,,
20-12-20,32,Hilmand,3207,Nawzad,30,Hirat,3002,Injil,77,11,,,
25-12-20,32,Hilmand,3207,Nawzad,30,Hirat,3002,Injil,30,5,,,
25-12-20,21,Ghor,2104,Dawlatyar,21,Ghor,2101,Chaghcharan,85,14,,,
26-12-20,11,Ghazni,1116,Ajrestan,30,Hirat,3002,Injil,35,4,,,
26-12-20,21,Ghor,2101,Chaghcharan,21,Ghor,2101,Chaghcharan,141,24,,,
27-12-20,30,Hirat,3006,Pashtunzarghun,30,Hirat,3002,Injil,15,2,,,
27-12-20,21,Ghor,2107,Pasaband,21,Ghor,2101,Chaghcharan,18,3,,,
28-12-20,30,Hirat,3013,Kushk-e-Kohna,30,Hirat,3002,Injil,25,4,,,
28-12-20,21,Ghor,2110,Saghar,21,Ghor,2101,Chaghcharan,14,2,,,
29-12-20,21,Ghor,2106,Taywarah,21,Ghor,2101,Chaghcharan,11,2,,,
05-01-20,31,Farah,3111,Anardara,31,Farah,3101,Farah,18,4,,,
06-01-20,31,Farah,3103,Balabuluk,31,Farah,3101,Farah,79,11,,,
07-01-20,31,Farah,3101,Farah,31,Farah,3101,Farah,59,9,,,
08-01-20,31,Farah,3109,Gulestan,31,Farah,3101,Farah,25,4,,,
09-01-20,31,Farah,3108,Lash-e-Juwayn,31,Farah,3101,Farah,12,2,,,
10-01-20,31,Farah,3104,Khak-e-Safed,31,Farah,3101,Farah,85,13,,,
11-01-20,31,Farah,3110,Purchaman,31,Farah,3101,Farah,58,11,,,
12-01-20,21,Ghor,2106,Taywarah,21,Ghor,2101,Chaghcharan,24,4,,,
12-01-20,21,Ghor,2105,Shahrak,21,Ghor,2101,Chaghcharan,36,6,,,
12-01-20,21,Ghor,2103,DoLayna,21,Ghor,2101,Chaghcharan,24,4,,,
12-01-20,21,Ghor,2110,Saghar,21,Ghor,2101,Chaghcharan,18,3,,,
12-01-20,21,Ghor,2104,Dawlatyar,21,Ghor,2101,Chaghcharan,42,7,,,
12-01-20,21,Ghor,2102,Charsadra,21,Ghor,2101,Chaghcharan,24,4,,,
12-01-20,21,Ghor,2101,Chaghcharan,21,Ghor,2101,Chaghcharan,36,6,,,
12-01-20,30,Hirat,3016,Chisht-e-Sharif,21,Ghor,2101,Chaghcharan,6,1,,,
12-01-20,29,Badghis,2905,Jawand,21,Ghor,2101,Chaghcharan,30,5,,,
12-01-20,31,Farah,3105,Pushtrod,31,Farah,3101,Farah,144,21,,,
13-01-20,31,Farah,3106,Qala-e-Kah,31,Farah,3101,Farah,77,13,,,
14-01-20,31,Farah,3107,Shibkoh,31,Farah,3101,Farah,3,1,,,
15-01-20,21,Ghor,2101,Chaghcharan,21,Ghor,2101,Chaghcharan,48,8,,,
15-01-20,21,Ghor,2106,Taywarah,21,Ghor,2101,Chaghcharan,54,9,,,
15-01-20,21,Ghor,2102,Charsadra,21,Ghor,2101,Chaghcharan,24,4,,,
15-01-20,21,Ghor,2105,Shahrak,21,Ghor,2101,Chaghcharan,36,6,,,
15-01-20,21,Ghor,2107,Pasaband,21,Ghor,2101,Chaghcharan,48,8,,,
15-01-20,29,Badghis,2905,Jawand,21,Ghor,2101,Chaghcharan,60,10,,,
15-01-20,22,Daykundi,2207,Sang-e-Takht,21,Ghor,2101,Chaghcharan,24,4,,,
15-01-20,31,Farah,3111,Anardara,31,Farah,3101,Farah,22,5,,,
15-01-20,29,Badghis,2903,Abkamari,29,Badghis,2901,Qala-e-Naw,103,16,,,
16-01-20,31,Farah,3103,Balabuluk,31,Farah,3101,Farah,34,5,,,
16-01-20,29,Badghis,2906,Balamurghab,29,Badghis,2901,Qala-e-Naw,50,10,,,
17-01-20,31,Farah,3101,Farah,31,Farah,3101,Farah,46,7,,,
18-01-20,31,Farah,3109,Gulestan,31,Farah,3101,Farah,26,4,,,
19-01-20,31,Farah,3108,Lash-e-Juwayn,31,Farah,3101,Farah,12,2,,,
20-01-20,31,Farah,3105,Pushtrod,31,Farah,3101,Farah,133,19,,,
21-01-20,31,Farah,3106,Qala-e-Kah,31,Farah,3101,Farah,94,14,,,
22-01-20,31,Farah,3107,Shibkoh,31,Farah,3101,Farah,8,1,,,
28-01-20,21,Ghor,2103,DoLayna,21,Ghor,2101,Chaghcharan,24,4,,,
28-01-20,21,Ghor,2106,Taywarah,21,Ghor,2101,Chaghcharan,36,6,,,
28-01-20,21,Ghor,2107,Pasaband,21,Ghor,2101,Chaghcharan,60,10,,,
28-01-20,21,Ghor,2104,Dawlatyar,21,Ghor,2101,Chaghcharan,36,6,,,
28-01-20,21,Ghor,2102,Charsadra,21,Ghor,2101,Chaghcharan,42,7,,,
28-01-20,29,Badghis,2905,Jawand,21,Ghor,2101,Chaghcharan,18,3,,,
28-01-20,30,Hirat,3016,Chisht-e-Sharif,21,Ghor,2101,Chaghcharan,18,3,,,
01-02-20,29,Badghis,2906,Balamurghab,29,Badghis,2903,Abkamari,20,4,,,
10-02-20,31,Farah,3103,Balabuluk,31,Farah,3101,Farah,98,13,,,
10-02-20,31,Farah,3101,Farah,31,Farah,3101,Farah,143,23,,,
10-02-20,31,Farah,3108,Lash-e-Juwayn,31,Farah,3101,Farah,38,6,,,
10-02-20,31,Farah,3104,Khak-e-Safed,31,Farah,3101,Farah,33,5,,,
10-02-20,31,Farah,3105,Pushtrod,31,Farah,3101,Farah,148,21,,,
10-02-20,31,Farah,3106,Qala-e-Kah,31,Farah,3101,Farah,55,9,,,
10-02-20,31,Farah,3107,Shibkoh,31,Farah,3101,Farah,8,1,,,
12-02-20,30,Hirat,3015,Shindand,30,Hirat,3002,Injil,70,10,,,
12-02-20,30,Hirat,3012,Obe,30,Hirat,3002,Injil,56,8,,,
12-02-20,30,Hirat,3008,Gulran,30,Hirat,3002,Injil,63,9,,,
12-02-20,29,Badghis,2905,Jawand,30,Hirat,3002,Injil,84,12,,,
12-02-20,17,Kunduz,1706,Khanabad,30,Hirat,3002,Injil,49,7,,,
12-02-20,22,Daykundi,2207,Sang-e-Takht,30,Hirat,3002,Injil,7,1,,,
12-02-20,31,Farah,3101,Farah,31,Farah,3101,Farah,55,9,,,
13-02-20,31,Farah,3108,Lash-e-Juwayn,31,Farah,3101,Farah,22,5,,,
14-02-20,31,Farah,3104,Khak-e-Safed,31,Farah,3101,Farah,49,6,,,
15-02-20,29,Badghis,2903,Abkamari,30,Hirat,3007,Karukh,144,31,,,
15-02-20,29,Badghis,2904,Qadis,30,Hirat,3001,Hirat,40,5,,,
15-02-20,21,Ghor,2106,Taywarah,21,Ghor,2101,Chaghcharan,60,10,,,
15-02-20,31,Farah,3105,Pushtrod,31,Farah,3101,Farah,94,17,,,
15-02-20,29,Badghis,2906,Balamurghab,29,Badghis,2901,Qala-e-Naw,40,8,,,
15-02-20,29,Badghis,2903,Abkamari,29,Badghis,2901,Qala-e-Naw,10,2,,,
15-02-20,29,Badghis,2903,Abkamari,29,Badghis,2901,Qala-e-Naw,5,1,,,
16-02-20,21,Ghor,2103,DoLayna,21,Ghor,2101,Chaghcharan,36,6,,,
16-02-20,31,Farah,3106,Qala-e-Kah,31,Farah,3101,Farah,73,12,,,
16-02-20,29,Badghis,2903,Abkamari,29,Badghis,2901,Qala-e-Naw,27,5,,,
17-02-20,21,Ghor,2109,Tolak,30,Hirat,3005,Guzara,58,8,,,
17-02-20,21,Ghor,2101,Chaghcharan,21,Ghor,2101,Chaghcharan,24,4,,,
17-02-20,31,Farah,3103,Balabuluk,31,Farah,3101,Farah,43,6,,,
17-02-20,29,Badghis,2905,Jawand,29,Badghis,2901,Qala-e-Naw,10,2,,,
18-02-20,29,Badghis,2905,Jawand,30,Hirat,3002,Injil,48,8,,,
18-02-20,30,Hirat,3003,Kushk,30,Hirat,3002,Injil,35,5,,,
18-02-20,21,Ghor,2104,Dawlatyar,21,Ghor,2101,Chaghcharan,48,8,,,
18-02-20,31,Farah,3101,Farah,31,Farah,3101,Farah,70,12,,,
18-02-20,29,Badghis,2904,Qadis,29,Badghis,2901,Qala-e-Naw,22,4,,,
19-02-20,22,Daykundi,2208,Kajran,30,Hirat,3002,Injil,18,3,,,
19-02-20,30,Hirat,3013,Kushk-e-Kohna,30,Hirat,3002,Injil,14,2,,,
19-02-20,21,Ghor,2104,Dawlatyar,21,Ghor,2101,Chaghcharan,35,5,,,
19-02-20,31,Farah,3109,Gulestan,31,Farah,3101,Farah,18,3,,,
19-02-20,29,Badghis,2906,Balamurghab,29,Badghis,2901,Qala-e-Naw,36,6,,,
20-02-20,21,Ghor,2105,Shahrak,30,Hirat,3002,Injil,36,6,,,
20-02-20,30,Hirat,3008,Gulran,30,Hirat,3002,Injil,20,5,,,
20-02-20,21,Ghor,2106,Taywarah,21,Ghor,2101,Chaghcharan,28,4,,,
20-02-20,31,Farah,3108,Lash-e-Juwayn,31,Farah,3101,Farah,31,5,,,
20-02-20,29,Badghis,2903,Abkamari,29,Badghis,2901,Qala-e-Naw,35,5,,,
21-02-20,30,Hirat,3008,Gulran,30,Hirat,3002,Injil,24,4,,,
21-02-20,30,Hirat,3015,Shindand,30,Hirat,3002,Injil,24,3,,,
21-02-20,21,Ghor,2102,Charsadra,21,Ghor,2101,Chaghcharan,21,3,,,
21-02-20,31,Farah,3104,Khak-e-Safed,31,Farah,3101,Farah,31,4,,,
21-02-20,29,Badghis,2904,Qadis,29,Badghis,2901,Qala-e-Naw,5,1,,,
22-02-20,30,Hirat,3013,Kushk-e-Kohna,30,Hirat,3002,Injil,24,4,,,
22-02-20,30,Hirat,3011,Farsi,30,Hirat,3002,Injil,40,5,,,
22-02-20,21,Ghor,2101,Chaghcharan,21,Ghor,2101,Chaghcharan,21,3,,,
22-02-20,31,Farah,3110,Purchaman,31,Farah,3101,Farah,32,7,,,
22-02-20,29,Badghis,0,Balamurgab,29,Badghis,2901,Qala-e-Naw,5,1,,,
23-02-20,30,Hirat,3012,Obe,30,Hirat,3002,Injil,18,3,,,
23-02-20,29,Badghis,2904,Qadis,30,Hirat,3002,Injil,14,2,,,
23-02-20,21,Ghor,2107,Pasaband,21,Ghor,2101,Chaghcharan,14,2,,,
23-02-20,31,Farah,3110,Purchaman,31,Farah,3101,Farah,84,13,,,
23-02-20,29,Badghis,2904,Qadis,29,Badghis,2901,Qala-e-Naw,82,15,,,
24-02-20,30,Hirat,3003,Kushk,30,Hirat,3002,Injil,12,2,,,
24-02-20,21,Ghor,2109,Tolak,30,Hirat,3002,Injil,46,8,,,
24-02-20,7,Laghman,704,Alingar,21,Ghor,2101,Chaghcharan,7,1,,,
24-02-20,31,Farah,3106,Qala-e-Kah,31,Farah,3101,Farah,26,4,,,
24-02-20,29,Badghis,2906,Balamurghab,29,Badghis,2901,Qala-e-Naw,18,3,,,
25-02-20,30,Hirat,3015,Shindand,30,Hirat,3002,Injil,60,10,,,
25-02-20,30,Hirat,3012,Obe,30,Hirat,3002,Injil,75,9,,,
25-02-20,20,Sar-e-Pul,2002,Sayad,21,Ghor,2101,Chaghcharan,21,3,,,
25-02-20,31,Farah,3107,Shibkoh,31,Farah,3101,Farah,12,2,,,
26-02-20,30,Hirat,3013,Kushk-e-Kohna,30,Hirat,3002,Injil,43,6,,,
26-02-20,31,Farah,3102,Bakwa,31,Farah,3101,Farah,43,7,,,
27-02-20,30,Hirat,3015,Shindand,30,Hirat,3002,Injil,11,2,,,
27-02-20,31,Farah,3103,Balabuluk,31,Farah,3101,Farah,130,18,,,
28-02-20,22,Daykundi,2208,Kajran,30,Hirat,3002,Injil,19,3,,,
28-02-20,21,Ghor,2105,Shahrak,21,Ghor,2101,Chaghcharan,40,8,,,
28-02-20,31,Farah,3101,Farah,31,Farah,3101,Farah,82,14,,,
29-02-20,31,Farah,3105,Pushtrod,30,Hirat,3002,Injil,64,11,,,
29-02-20,21,Ghor,2106,Taywarah,21,Ghor,2101,Chaghcharan,25,5,,,
29-02-20,31,Farah,3104,Khak-e-Safed,31,Farah,3101,Farah,72,9,,,
01-03-20,11,Ghazni,1117,Malestan,30,Hirat,3002,Injil,75,12,,,
01-03-20,21,Ghor,2104,Dawlatyar,21,Ghor,2101,Chaghcharan,25,5,,,
01-03-20,31,Farah,3110,Purchaman,31,Farah,3101,Farah,18,3,,,
02-03-20,30,Hirat,3013,Kushk-e-Kohna,30,Hirat,3002,Injil,4,1,,,
02-03-20,21,Ghor,2103,DoLayna,21,Ghor,2101,Chaghcharan,9,2,,,
02-03-20,31,Farah,3105,Pushtrod,31,Farah,3101,Farah,144,20,,,
03-03-20,30,Hirat,3015,Shindand,30,Hirat,3002,Injil,35,5,,,
03-03-20,21,Ghor,2101,Chaghcharan,21,Ghor,2101,Chaghcharan,10,2,,,
03-03-20,31,Farah,3106,Qala-e-Kah,31,Farah,3101,Farah,69,12,,,
04-03-20,30,Hirat,3013,Kushk-e-Kohna,30,Hirat,3002,Injil,56,8,,,
04-03-20,29,Badghis,2905,Jawand,21,Ghor,2101,Chaghcharan,15,3,,,
04-03-20,31,Farah,3107,Shibkoh,31,Farah,3101,Farah,10,1,,,
05-03-20,21,Ghor,2105,Shahrak,21,Ghor,2101,Chaghcharan,70,14,,,
05-03-20,31,Farah,3103,Balabuluk,31,Farah,3101,Farah,82,10,,,
06-03-20,21,Ghor,2106,Taywarah,21,Ghor,2101,Chaghcharan,30,6,,,
07-03-20,21,Ghor,2104,Dawlatyar,21,Ghor,2101,Chaghcharan,30,6,,,
08-03-20,21,Ghor,2102,Charsadra,21,Ghor,2101,Chaghcharan,35,5,,,
09-03-20,21,Ghor,2103,DoLayna,21,Ghor,2101,Chaghcharan,30,5,,,
10-03-20,21,Ghor,2107,Pasaband,21,Ghor,2101,Chaghcharan,36,6,,,
11-03-20,21,Ghor,2102,Charsadra,21,Ghor,2101,Chaghcharan,18,3,,,
12-03-20,21,Ghor,2104,Dawlatyar,21,Ghor,2101,Chaghcharan,24,4,,,
13-03-20,21,Ghor,2101,Chaghcharan,21,Ghor,2101,Chaghcharan,204,34,,,
14-03-20,29,Badghis,2905,Jawand,21,Ghor,2101,Chaghcharan,24,4,,,
15-03-20,30,Hirat,3006,Pashtunzarghun,30,Hirat,3002,Injil,49,7,,,
15-03-20,21,Ghor,2107,Pasaband,21,Ghor,2101,Chaghcharan,8,2,,,
16-03-20,30,Hirat,3010,Adraskan,30,Hirat,3002,Injil,70,10,,,
16-03-20,21,Ghor,2105,Shahrak,21,Ghor,2101,Chaghcharan,83,16,,,
17-03-20,30,Hirat,3015,Shindand,30,Hirat,3002,Injil,35,5,,,
18-03-20,21,Ghor,2109,Tolak,30,Hirat,3002,Injil,70,10,,,
19-03-20,21,Ghor,2105,Shahrak,30,Hirat,3002,Injil,56,8,,,
20-03-20,29,Badghis,2904,Qadis,30,Hirat,3002,Injil,105,15,,,
21-03-20,29,Badghis,2902,Muqur,30,Hirat,3002,Injil,28,4,,,
22-03-20,21,Ghor,2105,Shahrak,30,Hirat,3002,Injil,14,2,,,
23-03-20,30,Hirat,3010,Adraskan,30,Hirat,3002,Injil,28,4,,,
24-03-20,30,Hirat,3011,Farsi,30,Hirat,3002,Injil,154,22,,,
25-03-20,21,Ghor,2105,Shahrak,30,Hirat,3002,Injil,35,5,,,
26-03-20,29,Badghis,2903,Abkamari,30,Hirat,3002,Injil,35,5,,,
20-04-20,21,Ghor,2106,Taywarah,21,Ghor,2101,Chaghcharan,72,12,,,
20-04-20,29,Badghis,2904,Qadis,29,Badghis,2901,Qala-e-Naw,250,53,,,
20-04-20,29,Badghis,2906,Balamurghab,29,Badghis,2901,Qala-e-Naw,315,70,,,
20-04-20,29,Badghis,2904,Qadis,29,Badghis,2901,Qala-e-Naw,73,16,,,
21-04-20,21,Ghor,2105,Shahrak,21,Ghor,2101,Chaghcharan,90,15,,,
21-04-20,29,Badghis,2904,Qadis,29,Badghis,2901,Qala-e-Naw,69,8,,,
22-04-20,21,Ghor,2104,Dawlatyar,21,Ghor,2101,Chaghcharan,60,10,,,
22-04-20,29,Badghis,2903,Abkamari,29,Badghis,2901,Qala-e-Naw,100,25,,,
23-04-20,21,Ghor,2107,Pasaband,21,Ghor,2101,Chaghcharan,66,10,,,
23-04-20,29,Badghis,2906,Balamurghab,29,Badghis,2901,Qala-e-Naw,228,55,,,
24-04-20,21,Ghor,2102,Charsadra,21,Ghor,2101,Chaghcharan,48,8,,,
24-04-20,29,Badghis,2902,Muqur,29,Badghis,2901,Qala-e-Naw,83,20,,,
25-04-20,21,Ghor,2103,DoLayna,21,Ghor,2101,Chaghcharan,24,4,,,
25-04-20,29,Badghis,2904,Qadis,29,Badghis,2901,Qala-e-Naw,44,11,,,
26-04-20,21,Ghor,2101,Chaghcharan,21,Ghor,2101,Chaghcharan,6,1,,,
26-04-20,29,Badghis,2902,Muqur,29,Badghis,2901,Qala-e-Naw,71,12,,,
27-04-20,29,Badghis,2905,Jawand,21,Ghor,2101,Chaghcharan,18,3,,,
27-04-20,29,Badghis,2906,Balamurghab,29,Badghis,2901,Qala-e-Naw,109,18,,,
28-04-20,21,Ghor,2102,Charsadra,21,Ghor,2101,Chaghcharan,36,6,,,
29-04-20,21,Ghor,2104,Dawlatyar,21,Ghor,2101,Chaghcharan,18,3,,,
30-04-20,21,Ghor,2103,DoLayna,21,Ghor,2101,Chaghcharan,24,4,,,
01-05-20,21,Ghor,2101,Chaghcharan,21,Ghor,2101,Chaghcharan,264,44,,,
02-05-20,21,Ghor,2107,Pasaband,21,Ghor,2101,Chaghcharan,42,7,,,
03-05-20,21,Ghor,2105,Shahrak,21,Ghor,2101,Chaghcharan,54,9,,,
04-05-20,21,Ghor,2106,Taywarah,21,Ghor,2101,Chaghcharan,12,2,,,
05-05-20,21,Ghor,2102,Charsadra,21,Ghor,2101,Chaghcharan,31,5,,,
06-05-20,21,Ghor,2104,Dawlatyar,21,Ghor,2101,Chaghcharan,24,4,,,
07-05-20,21,Ghor,2101,Chaghcharan,21,Ghor,2101,Chaghcharan,105,18,,,
08-05-20,21,Ghor,2107,Pasaband,21,Ghor,2101,Chaghcharan,12,2,,,
09-05-20,21,Ghor,2105,Shahrak,21,Ghor,2101,Chaghcharan,14,2,,,
10-05-20,21,Ghor,2106,Taywarah,21,Ghor,2101,Chaghcharan,18,3,,,
11-05-20,21,Ghor,2104,Dawlatyar,21,Ghor,2101,Chaghcharan,14,3,,,
12-05-20,21,Ghor,2103,DoLayna,21,Ghor,2101,Chaghcharan,17,4,,,
13-05-20,21,Ghor,2101,Chaghcharan,21,Ghor,2101,Chaghcharan,803,136,,,
14-05-20,21,Ghor,2107,Pasaband,21,Ghor,2101,Chaghcharan,12,2,,,
15-05-20,30,Hirat,3003,Kushk,30,Hirat,3002,Injil,105,15,,,
15-05-20,21,Ghor,2105,Shahrak,21,Ghor,2101,Chaghcharan,33,6,,,
15-05-20,31,Farah,3101,Farah,31,Farah,3101,Farah,63,9,,,
16-05-20,21,Ghor,2106,Taywarah,21,Ghor,2101,Chaghcharan,19,3,,,
16-05-20,31,Farah,3104,Khak-e-Safed,31,Farah,3101,Farah,19,4,,,
17-05-20,21,Ghor,2103,DoLayna,21,Ghor,2101,Chaghcharan,14,2,,,
17-05-20,31,Farah,3110,Purchaman,31,Farah,3101,Farah,10,2,,,
18-05-20,30,Hirat,3013,Kushk-e-Kohna,30,Hirat,3002,Injil,35,5,,,
18-05-20,21,Ghor,2101,Chaghcharan,21,Ghor,2101,Chaghcharan,460,77,,,
18-05-20,31,Farah,3105,Pushtrod,31,Farah,3101,Farah,73,12,,,
19-05-20,21,Ghor,2105,Shahrak,21,Ghor,2101,Chaghcharan,34,6,,,
19-05-20,31,Farah,3106,Qala-e-Kah,31,Farah,3101,Farah,39,6,,,
20-05-20,30,Hirat,3010,Adraskan,30,Hirat,3002,Injil,119,17,,,
20-05-20,21,Ghor,2106,Taywarah,21,Ghor,2101,Chaghcharan,8,1,,,
20-05-20,31,Farah,3111,Anardara,31,Farah,3101,Farah,17,3,,,
21-05-20,21,Ghor,2102,Charsadra,21,Ghor,2101,Chaghcharan,11,3,,,
21-05-20,31,Farah,3102,Bakwa,31,Farah,3101,Farah,29,3,,,
22-05-20,21,Ghor,2103,DoLayna,21,Ghor,2101,Chaghcharan,8,2,,,
22-05-20,31,Farah,3103,Balabuluk,31,Farah,3101,Farah,93,14,,,
23-05-20,21,Ghor,2101,Chaghcharan,21,Ghor,2101,Chaghcharan,217,32,,,
23-05-20,31,Farah,3101,Farah,31,Farah,3101,Farah,39,6,,,
24-05-20,21,Ghor,2105,Shahrak,21,Ghor,2101,Chaghcharan,23,6,,,
24-05-20,31,Farah,3104,Khak-e-Safed,31,Farah,3101,Farah,47,7,,,
25-05-20,29,Badghis,2905,Jawand,30,Hirat,3002,Injil,70,10,,,
25-05-20,29,Badghis,2905,Jawand,21,Ghor,2101,Chaghcharan,11,2,,,
25-05-20,31,Farah,3110,Purchaman,31,Farah,3101,Farah,33,7,,,
26-05-20,21,Ghor,2101,Chaghcharan,30,Hirat,3002,Injil,105,15,,,
26-05-20,21,Ghor,2102,Charsadra,21,Ghor,2101,Chaghcharan,16,3,,,
26-05-20,31,Farah,3105,Pushtrod,31,Farah,3101,Farah,60,11,,,
27-05-20,21,Ghor,2105,Shahrak,30,Hirat,3002,Injil,35,5,,,
27-05-20,21,Ghor,2103,DoLayna,21,Ghor,2101,Chaghcharan,20,3,,,
27-05-20,31,Farah,3106,Qala-e-Kah,31,Farah,3101,Farah,55,8,,,
28-05-20,21,Ghor,2102,Charsadra,30,Hirat,3002,Injil,35,5,,,
28-05-20,21,Ghor,2101,Chaghcharan,21,Ghor,2101,Chaghcharan,154,25,,,
28-05-20,31,Farah,3107,Shibkoh,31,Farah,3101,Farah,14,2,,,
29-05-20,30,Hirat,3006,Pashtunzarghun,30,Hirat,3002,Injil,147,21,,,
29-05-20,29,Badghis,2905,Jawand,21,Ghor,2101,Chaghcharan,14,2,,,
29-05-20,31,Farah,3101,Farah,31,Farah,3101,Farah,882,147,,,
30-05-20,29,Badghis,2903,Abkamari,30,Hirat,3002,Injil,65,10,,,
30-05-20,21,Ghor,2107,Pasaband,21,Ghor,2101,Chaghcharan,6,1,,,
30-05-20,31,Farah,3111,Anardara,31,Farah,3101,Farah,14,2,,,
31-05-20,29,Badghis,2906,Balamurghab,30,Hirat,3002,Injil,21,3,,,
31-05-20,21,Ghor,2105,Shahrak,21,Ghor,2101,Chaghcharan,22,4,,,
01-06-20,29,Badghis,2907,Ghormach,30,Hirat,3002,Injil,12,2,,,
01-06-20,21,Ghor,2106,Taywarah,21,Ghor,2101,Chaghcharan,20,4,,,
02-06-20,29,Badghis,2904,Qadis,30,Hirat,3002,Injil,28,4,,,
02-06-20,21,Ghor,2102,Charsadra,21,Ghor,2101,Chaghcharan,37,5,,,
03-06-20,28,Faryab,2805,Almar,30,Hirat,3002,Injil,26,4,,,
03-06-20,21,Ghor,2103,DoLayna,21,Ghor,2101,Chaghcharan,9,2,,,
04-06-20,21,Ghor,2110,Saghar,30,Hirat,3002,Injil,35,5,,,
04-06-20,21,Ghor,2104,Dawlatyar,21,Ghor,2101,Chaghcharan,16,2,,,
05-06-20,21,Ghor,2105,Shahrak,30,Hirat,3002,Injil,56,8,,,
05-06-20,21,Ghor,2101,Chaghcharan,21,Ghor,2101,Chaghcharan,472,80,,,
06-06-20,21,Ghor,2109,Tolak,30,Hirat,3002,Injil,48,7,,,
06-06-20,29,Badghis,2905,Jawand,21,Ghor,2101,Chaghcharan,22,3,,,
07-06-20,30,Hirat,3008,Gulran,30,Hirat,3002,Injil,45,6,,,
07-06-20,30,Hirat,3012,Obe,21,Ghor,2101,Chaghcharan,6,1,,,
08-06-20,30,Hirat,3003,Kushk,30,Hirat,3002,Injil,127,18,,,
08-06-20,21,Ghor,2107,Pasaband,21,Ghor,2101,Chaghcharan,37,6,,,
09-06-20,30,Hirat,3006,Pashtunzarghun,30,Hirat,3002,Injil,97,13,,,
09-06-20,28,Faryab,2803,Pashtunkot,21,Ghor,2101,Chaghcharan,6,1,,,
10-06-20,33,Kandahar,3302,Arghandab,30,Hirat,3002,Injil,7,1,,,
10-06-20,21,Ghor,2102,Charsadra,21,Ghor,2101,Chaghcharan,55,11,,,
11-06-20,30,Hirat,3006,Pashtunzarghun,30,Hirat,3002,Injil,1029,147,,,
11-06-20,21,Ghor,2102,Charsadra,21,Ghor,2101,Chaghcharan,36,6,,,
12-06-20,30,Hirat,3006,Pashtunzarghun,30,Hirat,3002,Injil,161,23,,,
12-06-20,21,Ghor,2104,Dawlatyar,21,Ghor,2101,Chaghcharan,24,4,,,
13-06-20,21,Ghor,2101,Chaghcharan,21,Ghor,2101,Chaghcharan,252,42,,,
14-06-20,21,Ghor,2105,Shahrak,21,Ghor,2101,Chaghcharan,30,4,,,
15-06-20,21,Ghor,2109,Tolak,21,Ghor,2101,Chaghcharan,36,6,,,
15-06-20,31,Farah,3102,Bakwa,31,Farah,3101,Farah,15,2,,,
16-06-20,21,Ghor,2105,Shahrak,30,Hirat,3002,Injil,56,8,,,
16-06-20,21,Ghor,2102,Charsadra,21,Ghor,2101,Chaghcharan,14,2,,,
16-06-20,31,Farah,3103,Balabuluk,31,Farah,3101,Farah,97,16,,,
17-06-20,29,Badghis,2904,Qadis,30,Hirat,3002,Injil,70,10,,,
17-06-20,21,Ghor,2104,Dawlatyar,21,Ghor,2101,Chaghcharan,23,3,,,
17-06-20,31,Farah,3101,Farah,31,Farah,3101,Farah,118,16,,,
18-06-20,28,Faryab,2805,Almar,30,Hirat,3002,Injil,105,15,,,
18-06-20,21,Ghor,2101,Chaghcharan,21,Ghor,2101,Chaghcharan,601,101,,,
19-06-20,30,Hirat,3010,Adraskan,30,Hirat,3002,Injil,28,4,,,
19-06-20,21,Ghor,2107,Pasaband,21,Ghor,2101,Chaghcharan,56,9,,,
20-06-20,31,Farah,3110,Purchaman,30,Hirat,3002,Injil,266,38,,,
20-06-20,21,Ghor,2105,Shahrak,21,Ghor,2101,Chaghcharan,31,5,,,
20-06-20,31,Farah,3104,Khak-e-Safed,31,Farah,3101,Farah,43,8,,,
21-06-20,21,Ghor,2106,Taywarah,21,Ghor,2101,Chaghcharan,37,6,,,
21-06-20,31,Farah,3105,Pushtrod,31,Farah,3101,Farah,116,16,,,
22-06-20,21,Ghor,2107,Pasaband,21,Ghor,2101,Chaghcharan,30,5,,,
22-06-20,31,Farah,3108,Lash-e-Juwayn,31,Farah,3101,Farah,8,2,,,
22-06-20,31,Farah,3106,Qala-e-Kah,31,Farah,3101,Farah,26,4,,,
23-06-20,21,Ghor,2101,Chaghcharan,21,Ghor,2101,Chaghcharan,365,61,,,
23-06-20,31,Farah,3107,Shibkoh,31,Farah,3101,Farah,15,2,,,
24-06-20,21,Ghor,2105,Shahrak,21,Ghor,2101,Chaghcharan,44,7,,,
24-06-20,31,Farah,3102,Bakwa,31,Farah,3101,Farah,8,2,,,
25-06-20,29,Badghis,2904,Qadis,30,Hirat,3002,Injil,105,15,,,
25-06-20,31,Farah,3110,Purchaman,31,Farah,3101,Farah,27,5,,,
25-06-20,31,Farah,3103,Balabuluk,31,Farah,3101,Farah,65,10,,,
26-06-20,31,Farah,3103,Balabuluk,30,Hirat,3002,Injil,56,8,,,
26-06-20,31,Farah,3101,Farah,31,Farah,3101,Farah,12,2,,,
27-06-20,21,Ghor,2105,Shahrak,30,Hirat,3002,Injil,63,9,,,
27-06-20,31,Farah,3108,Lash-e-Juwayn,31,Farah,3101,Farah,59,9,,,
28-06-20,31,Farah,3110,Purchaman,31,Farah,3101,Farah,62,9,,,
29-06-20,31,Farah,3105,Pushtrod,31,Farah,3101,Farah,81,12,,,
30-06-20,31,Farah,3106,Qala-e-Kah,31,Farah,3101,Farah,27,6,,,
10-07-20,30,Hirat,3006,Pashtunzarghun,30,Hirat,3002,Injil,399,57,,,
10-07-20,31,Farah,3102,Bakwa,31,Farah,3101,Farah,42,7,,,
11-07-20,31,Farah,3103,Balabuluk,31,Farah,3101,Farah,56,9,,,
12-07-20,31,Farah,3101,Farah,31,Farah,3101,Farah,69,12,,,
13-07-20,31,Farah,3110,Purchaman,31,Farah,3101,Farah,34,6,,,
14-07-20,31,Farah,3105,Pushtrod,31,Farah,3101,Farah,94,15,,,
15-07-20,21,Ghor,2101,Chaghcharan ,21,Ghor,2101,Chaghcharan,37,5,,,
15-07-20,21,Ghor,2102,Charsadra,21,Ghor,2103,DoLayna,137,24,,,
15-07-20,31,Farah,3106,Qala-e-Kah,31,Farah,3101,Farah,13,2,,,
16-07-20,21,Ghor,2104,Dawlatyar,21,Ghor,2101,Chaghcharan,39,6,,,
16-07-20,21,Ghor,2105,Shahrak,21,Ghor,2105,Shahrak,9,1,,,
16-07-20,31,Farah,3103,Balabuluk,31,Farah,3101,Farah,61,10,,,
17-07-20,21,Ghor,2105,Shahrak,21,Ghor,2101,Chaghcharan,75,15,,,
17-07-20,21,Ghor,2109,Tolak,21,Ghor,2109,Tolak,68,11,,,
17-07-20,31,Farah,3104,Khak-e-Safed,31,Farah,3101,Farah,98,16,,,
18-07-20,21,Ghor,2103,DoLayna,21,Ghor,2101,Chaghcharan,72,12,,,
18-07-20,21,Ghor,2110,Saghar,21,Ghor,2110,Saghar,490,80,,,
18-07-20,31,Farah,3110,Purchaman,31,Farah,3101,Farah,80,14,,,
19-07-20,21,Ghor,2107,Pasaband,21,Ghor,2101,Chaghcharan,84,14,,,
19-07-20,21,Ghor,2104,Dawlatyar,21,Ghor,2101,Chaghcharan,336,61,,,
19-07-20,31,Farah,3105,Pushtrod,31,Farah,3101,Farah,68,12,,,
20-07-20,21,Ghor,2102,Charsadra,21,Ghor,2101,Chaghcharan,48,8,,,
20-07-20,31,Farah,3106,Qala-e-Kah,31,Farah,3101,Farah,92,16,,,
21-07-20,29,Badghis,2903,Abkamari,30,Hirat,3002,Injil,413,59,,,
21-07-20,18,Balkh,1813,Chemtal,21,Ghor,2101,Chaghcharan,12,2,,,
21-07-20,31,Farah,3102,Bakwa,31,Farah,3101,Farah,80,13,,,
22-07-20,22,Daykundi,2207,Sang-e-Takht,21,Ghor,2101,Chaghcharan,10,2,,,
22-07-20,31,Farah,3107,Shibkoh,31,Farah,3101,Farah,78,12,,,
23-07-20,21,Ghor,2101,Chaghcharan,21,Ghor,2101,Chaghcharan,204,37,,,
23-07-20,31,Farah,3106,Qala-e-Kah,31,Farah,3101,Farah,79,13,,,
24-07-20,21,Ghor,2104,Dawlatyar,21,Ghor,2101,Chaghcharan,244,47,,,
24-07-20,31,Farah,3103,Balabuluk,31,Farah,3101,Farah,150,21,,,
25-07-20,21,Ghor,2109,Tolak,30,Hirat,3002,Injil,84,12,,,
25-07-20,21,Ghor,2103,DoLayna,21,Ghor,2101,Chaghcharan,13,3,,,
25-07-20,31,Farah,3101,Farah,31,Farah,3101,Farah,89,14,,,
26-07-20,31,Farah,3105,Pushtrod,30,Hirat,3002,Injil,70,10,,,
26-07-20,21,Ghor,2101,Chaghcharan,21,Ghor,2101,Chaghcharan,283,47,,,
26-07-20,31,Farah,3104,Khak-e-Safed,31,Farah,3101,Farah,28,4,,,
27-07-20,21,Ghor,2105,Shahrak,30,Hirat,3002,Injil,105,15,,,
27-07-20,21,Ghor,2107,Pasaband,21,Ghor,2101,Chaghcharan,19,4,,,
27-07-20,31,Farah,3108,Lash-e-Juwayn,31,Farah,3101,Farah,17,3,,,
28-07-20,29,Badghis,2903,Abkamari,30,Hirat,3002,Injil,133,19,,,
28-07-20,21,Ghor,2105,Shahrak,21,Ghor,2101,Chaghcharan,34,7,,,
28-07-20,31,Farah,3110,Purchaman,31,Farah,3101,Farah,79,14,,,
29-07-20,30,Hirat,3003,Kushk,30,Hirat,3002,Injil,84,12,,,
29-07-20,21,Ghor,2109,Tolak,21,Ghor,2101,Chaghcharan,12,2,,,
29-07-20,31,Farah,3106,Qala-e-Kah,31,Farah,3101,Farah,19,4,,,
30-07-20,30,Hirat,3008,Gulran,30,Hirat,3002,Injil,91,13,,,
30-07-20,21,Ghor,2102,Charsadra,21,Ghor,2101,Chaghcharan,19,4,,,
30-07-20,31,Farah,3107,Shibkoh,31,Farah,3101,Farah,15,2,,,
31-07-20,21,Ghor,2104,Dawlatyar,21,Ghor,2101,Chaghcharan,117,20,,,
31-07-20,31,Farah,3103,Balabuluk,31,Farah,3101,Farah,18,3,,,
01-08-20,21,Ghor,2101,Chaghcharan,21,Ghor,2101,Chaghcharan,374,67,,,
01-08-20,31,Farah,3101,Farah,31,Farah,3101,Farah,478,84,,,
02-08-20,29,Badghis,2905,Jawand,21,Ghor,2101,Chaghcharan,21,5,,,
02-08-20,31,Farah,3105,Pushtrod,31,Farah,3101,Farah,21,4,,,
03-08-20,21,Ghor,2107,Pasaband,21,Ghor,2101,Chaghcharan,21,3,,,
03-08-20,31,Farah,3103,Balabuluk,31,Farah,3101,Farah,52,9,,,
04-08-20,21,Ghor,2105,Shahrak,21,Ghor,2101,Chaghcharan,18,4,,,
04-08-20,31,Farah,3101,Farah,31,Farah,3101,Farah,330,57,,,
05-08-20,21,Ghor,2106,Taywarah,21,Ghor,2101,Chaghcharan,18,3,,,
05-08-20,31,Farah,3104,Khak-e-Safed,31,Farah,3101,Farah,40,6,,,
06-08-20,21,Ghor,2106,Taywarah,21,Ghor,2101,Chaghcharan,17,2,,,
06-08-20,31,Farah,3110,Purchaman,31,Farah,3101,Farah,45,9,,,
06-08-20,31,Farah,3105,Pushtrod,31,Farah,3101,Farah,82,13,,,
07-08-20,31,Farah,3106,Qala-e-Kah,31,Farah,3101,Farah,9,2,,,
07-08-20,29,Badghis,2904,Qadis,29,Badghis,2901,Qala-e-Naw,100,20,,,
07-08-20,29,Badghis,2906,Balamurghab,29,Badghis,2901,Qala-e-Naw,88,14,,,
08-08-20,29,Badghis,2904,Qadis,29,Badghis,2901,Qala-e-Naw,180,30,,,
09-08-20,29,Badghis,2906,Balamurghab,29,Badghis,2901,Qala-e-Naw,18,3,,,
10-08-20,29,Badghis,2904,Qadis,29,Badghis,2901,Qala-e-Naw,225,45,,,
11-08-20,29,Badghis,2903,Abkamari,29,Badghis,2901,Qala-e-Naw,75,15,,,
12-08-20,29,Badghis,2902,Muqur,29,Badghis,2901,Qala-e-Naw,80,20,,,
13-08-20,29,Badghis,2906,Balamurghab,29,Badghis,2901,Qala-e-Naw,75,15,,,
15-08-20,21,Ghor,2105,Shahrak,30,Hirat,3002,Injil,105,15,,,
15-08-20,31,Farah,3102,Bakwa,31,Farah,3101,Farah,14,2,,,
16-08-20,28,Faryab,2806,Qaysar,30,Hirat,3002,Injil,28,4,,,
16-08-20,31,Farah,3103,Balabuluk,31,Farah,3101,Farah,12,2,,,
17-08-20,29,Badghis,2903,Abkamari,30,Hirat,3002,Injil,35,5,,,
17-08-20,31,Farah,3101,Farah,31,Farah,3101,Farah,313,53,,,
18-08-20,31,Farah,3105,Pushtrod,30,Hirat,3002,Injil,28,4,,,
18-08-20,31,Farah,3108,Lash-e-Juwayn,31,Farah,3101,Farah,12,3,,,
18-08-20,29,Badghis,2903,Abkamari,29,Badghis,2901,Qala-e-Naw,118,25,,,
19-08-20,22,Daykundi,2208,Kajran,30,Hirat,3002,Injil,14,2,,,
19-08-20,31,Farah,3104,Khak-e-Safed,31,Farah,3101,Farah,10,2,,,
19-08-20,29,Badghis,2904,Qadis,29,Badghis,2901,Qala-e-Naw,68,15,,,
20-08-20,17,Kunduz,1704,Chardarah,30,Hirat,3002,Injil,14,2,,,
20-08-20,29,Badghis,2902,Muqur,29,Badghis,2901,Qala-e-Naw,81,18,,,
21-08-20,21,Ghor,2105,Shahrak,30,Hirat,3002,Injil,50,10,,,
21-08-20,29,Badghis,2906,Balamurghab,29,Badghis,2901,Qala-e-Naw,84,14,,,
22-08-20,28,Faryab,2811,Andkhoy,30,Hirat,3002,Injil,25,5,,,
22-08-20,29,Badghis,2902,Muqur,30,Hirat,3002,Injil,30,6,,,
22-08-20,29,Badghis,2901,Qala-e-Naw,29,Badghis,2901,Qala-e-Naw,65,15,,,
23-08-20,30,Hirat,3008,Gulran,30,Hirat,3002,Injil,35,7,,,
23-08-20,29,Badghis,2907,Ghormach,29,Badghis,2901,Qala-e-Naw,162,30,,,
24-08-20,31,Farah,3103,Balabuluk,30,Hirat,3002,Injil,45,9,,,
25-08-20,22,Daykundi,2208,Kajran,30,Hirat,3002,Injil,15,3,,,
25-08-20,29,Badghis,2903,Abkamari,29,Badghis,2901,Qala-e-Naw,135,25,,,
26-08-20,32,Hilmand,3209,Garmser,30,Hirat,3002,Injil,14,2,,,
26-08-20,29,Badghis,2906,Balamurghab,29,Badghis,2901,Qala-e-Naw,162,30,,,
27-08-20,30,Hirat,3010,Adraskan,30,Hirat,3002,Injil,25,5,,,
27-08-20,29,Badghis,2902,Muqur,29,Badghis,2901,Qala-e-Naw,135,25,,,
28-08-20,29,Badghis,2906,Balamurghab,30,Hirat,3002,Injil,56,8,,,
28-08-20,29,Badghis,2901,Qala-e-Naw,29,Badghis,2901,Qala-e-Naw,295,55,,,
29-08-20,31,Farah,3102,Bakwa,30,Hirat,3002,Injil,35,5,,,
29-08-20,29,Badghis,2904,Qadis,29,Badghis,2901,Qala-e-Naw,314,57,,,
30-08-20,30,Hirat,3008,Gulran,30,Hirat,3002,Injil,91,13,,,
30-08-20,29,Badghis,2907,Ghormach,29,Badghis,2901,Qala-e-Naw,135,25,,,
31-08-20,30,Hirat,3006,Pashtunzarghun,30,Hirat,3002,Injil,28,4,,,
31-08-20,29,Badghis,2906,Balamurghab,29,Badghis,2901,Qala-e-Naw,192,35,,,
01-09-20,30,Hirat,3003,Kushk,30,Hirat,3002,Injil,49,7,,,
01-09-20,31,Farah,3103,Balabuluk,31,Farah,3101,Farah,133,19,,,
01-09-20,29,Badghis,2903,Abkamari,29,Badghis,2901,Qala-e-Naw,248,45,,,
01-09-20,29,Badghis,2904,Qadis,29,Badghis,2901,Qala-e-Naw,126,23,,,
01-09-20,29,Badghis,2902,Muqur,29,Badghis,2901,Qala-e-Naw,135,24,,,
01-09-20,29,Badghis,2901,Qala-e-Naw,29,Badghis,2901,Qala-e-Naw,138,25,,,
01-09-20,29,Badghis,2905,Jawand,29,Badghis,2901,Qala-e-Naw,182,33,,,
02-09-20,21,Ghor,2109,Tolak,30,Hirat,3002,Injil,56,8,,,
02-09-20,31,Farah,3101,Farah,31,Farah,3101,Farah,155,27,,,
02-09-20,29,Badghis,2906,Balamurghab,29,Badghis,2901,Qala-e-Naw,105,18,,,
03-09-20,31,Farah,3108,Lash-e-Juwayn,31,Farah,3101,Farah,25,4,,,
03-09-20,29,Badghis,2902,Muqur,29,Badghis,2901,Qala-e-Naw,73,13,,,
04-09-20,31,Farah,3110,Purchaman,31,Farah,3101,Farah,49,10,,,
04-09-20,29,Badghis,2903,Abkamari,29,Badghis,2901,Qala-e-Naw,288,50,,,
05-09-20,31,Farah,3105,Pushtrod,31,Farah,3101,Farah,32,5,,,
05-09-20,29,Badghis,2904,Qadis,29,Badghis,2901,Qala-e-Naw,260,45,,,
06-09-20,31,Farah,3107,Shibkoh,31,Farah,3101,Farah,21,3,,,
06-09-20,29,Badghis,2902,Muqur,29,Badghis,2901,Qala-e-Naw,202,35,,,
07-09-20,29,Badghis,2901,Qala-e-Naw,29,Badghis,2901,Qala-e-Naw,202,35,,,
08-09-20,29,Badghis,2905,Jawand,29,Badghis,2901,Qala-e-Naw,242,42,,,
09-09-20,29,Badghis,2906,Balamurghab,29,Badghis,2901,Qala-e-Naw,242,42,,,
10-09-20,29,Badghis,2902,Muqur,29,Badghis,2901,Qala-e-Naw,277,48,,,
15-09-20,29,Badghis,2903,Abkamari,29,Badghis,2901,Qala-e-Naw,59,9,,,
16-09-20,29,Badghis,2904,Qadis,29,Badghis,2901,Qala-e-Naw,370,58,,,
17-09-20,29,Badghis,2901,Qala-e-Naw,29,Badghis,2901,Qala-e-Naw,55,19,,,
18-09-20,29,Badghis,2906,Balamurghab,29,Badghis,2901,Qala-e-Naw,15,3,,,
19-09-20,29,Badghis,2902,Muqur,29,Badghis,2901,Qala-e-Naw,40,7,,,
20-09-20,29,Badghis,2907,Ghormach,29,Badghis,2901,Qala-e-Naw,26,4,,,
22-09-20,31,Farah,3105,Pushtrod,31,Farah,3101,Farah,40,7,,,
23-09-20,31,Farah,3106,Qala-e-Kah,31,Farah,3101,Farah,20,4,,,
24-09-20,31,Farah,3107,Shibkoh,31,Farah,3101,Farah,13,2,,,
25-09-20,31,Farah,3103,Balabuluk,31,Farah,3101,Farah,59,9,,,
26-09-20,31,Farah,3101,Farah,31,Farah,3101,Farah,313,51,,,
27-09-20,31,Farah,3109,Gulestan,31,Farah,3101,Farah,41,7,,,
28-09-20,31,Farah,3104,Khak-e-Safed,31,Farah,3101,Farah,64,10,,,
29-09-20,31,Farah,3105,Pushtrod,31,Farah,3101,Farah,72,11,,,
30-09-20,31,Farah,3106,Qala-e-Kah,31,Farah,3101,Farah,40,6,,,
01-10-20,31,Farah,3103,Balabuluk,31,Farah,3101,Farah,106,16,,,
02-10-20,31,Farah,3101,Farah,31,Farah,3101,Farah,170,28,,,
03-10-20,31,Farah,3109,Gulestan,31,Farah,3101,Farah,30,4,,,
04-10-20,31,Farah,3104,Khak-e-Safed,31,Farah,3101,Farah,45,8,,,
05-10-20,31,Farah,3110,Purchaman,31,Farah,3101,Farah,19,3,,,
06-10-20,31,Farah,3105,Pushtrod,31,Farah,3101,Farah,96,15,,,
07-10-20,31,Farah,3106,Qala-e-Kah,31,Farah,3101,Farah,15,3,,,
08-10-20,31,Farah,3103,Balabuluk,31,Farah,3101,Farah,74,12,,,
09-10-20,31,Farah,3101,Farah,31,Farah,3101,Farah,270,38,,,
10-10-20,31,Farah,3104,Khak-e-Safed,31,Farah,3101,Farah,65,12,,,
11-10-20,21,Ghor,2104,Dawlatyar,21,Ghor,2101,Chaghcharan,278,51,,,
11-10-20,31,Farah,3110,Purchaman,31,Farah,3101,Farah,75,14,,,
11-10-20,31,Farah,3105,Pushtrod,31,Farah,3101,Farah,115,17,,,
11-10-20,31,Farah,3107,Shibkoh,31,Farah,3101,Farah,22,5,,,
12-10-20,21,Ghor,2101,Chaghcharan,21,Ghor,2101,Chaghcharan,189,34,,,
13-10-20,21,Ghor,2105,Shahrak,21,Ghor,2101,Chaghcharan,26,5,,,
14-10-20,21,Ghor,2109,Tolak,21,Ghor,2101,Chaghcharan,18,3,,,
15-10-20,21,Ghor,2104,Dawlatyar,21,Ghor,2101,Chaghcharan,272,52,,,
16-10-20,21,Ghor,2101,Chaghcharan,21,Ghor,2101,Chaghcharan,77,14,,,
16-10-20,21,Ghor,2101,Chaghcharan,21,Ghor,2101,Chaghcharan,19,4,,,
17-10-20,21,Ghor,2104,Dawlatyar,21,Ghor,2101,Chaghcharan,149,28,,,
18-10-20,21,Ghor,2101,Chaghcharan,21,Ghor,2101,Chaghcharan,190,31,,,
19-10-20,21,Ghor,2106,Taywarah,21,Ghor,2101,Chaghcharan,34,6,,,
20-10-20,21,Ghor,2102,Charsadra,21,Ghor,2101,Chaghcharan,17,2,,,
21-10-20,21,Ghor,2104,Dawlatyar,21,Ghor,2101,Chaghcharan,130,23,,,
22-10-20,21,Ghor,2101,Chaghcharan,21,Ghor,2101,Chaghcharan,112,20,,,
23-10-20,21,Ghor,2107,Pasaband,21,Ghor,2101,Chaghcharan,23,4,,,
24-10-20,21,Ghor,2102,Charsadra,21,Ghor,2101,Chaghcharan,16,5,,,
25-10-20,21,Ghor,2104,Dawlatyar,21,Ghor,2101,Chaghcharan,145,24,,,
10-11-20,21,Ghor,2101,Chaghcharan,21,Ghor,2101,Chaghcharan,185,30,,,
11-11-20,21,Ghor,2107,Pasaband,21,Ghor,2101,Chaghcharan,46,6,,,
12-11-20,21,Ghor,2106,Taywarah,21,Ghor,2101,Chaghcharan,4,1,,,
13-11-20,21,Ghor,2104,Dawlatyar,21,Ghor,2101,Chaghcharan,108,21,,,
14-11-20,21,Ghor,2101,Chaghcharan,21,Ghor,2101,Chaghcharan,138,28,,,
15-11-20,21,Ghor,2103,DoLayna,21,Ghor,2101,Chaghcharan,19,4,,,
01-01-20,22,Daykundi,2208,Kajran,32,Hilmand,3202,Nahr-e-Saraj,103,19,,,
10-01-20,24,Zabul,2404,Tarnak Wa Jaldak,24,Zabul,2404,Tarnak Wa Jaldak,84,9,,,
10-01-20,24,Zabul,2401,Qalat,24,Zabul,2401,Qalat,138,13,,,
10-01-20,24,Zabul,2403,Mizan,24,Zabul,2403,Mizan,51,6,,,
15-01-20,32,Hilmand,3204,Nawa-e-Barakzaiy,32,Hilmand,3201,Lashkargah,525,72,64,80,381
19-01-20,31,Farah,3101,Farah,34,Nimroz,3401,Zaranj,244,33,,,
01-01-20,32,Hilmand,3202,Nahr-e-Saraj,32,Hilmand,3202,Nahr-e-Saraj,240,33,33,32,175
05-02-20,27,Jawzjan,2704,Qushtepa,33,Kandahar,3311,Spinboldak,350,46,,,
10-02-20,33,Kandahar,3306,Shahwalikot,33,Kandahar,3301,Kandahar / Dand,646,95,98,124,424
01-02-20,24,Zabul,2401,Qalat,24,Zabul,2401,Qalat,199,27,,,
08-01-20,31,Farah,3101,Farah,34,Nimroz,3401,Zaranj,353,51,,,
27-02-20,32,Hilmand,3203,Nad-e-Ali / Marja,32,Hilmand,3203,Nad-e-Ali / Marja,222,28,25,30,167
25-02-20,32,Hilmand,3201,Lashkargah,32,Hilmand,3201,Lashkargah,112,15,,,
18-03-20,32,Hilmand,3210,Kajaki,33,Kandahar,3301,Kandahar / Dand,287,40,,,
07-03-20,33,Kandahar,3314,Nesh,33,Kandahar,3301,Kandahar / Dand,196,27,29,33,134
20-03-20,23,Uruzgan,2305,Khasuruzgan,33,Kandahar,3301,Kandahar / Dand,255,33,,,
02-04-20,33,Kandahar,3309,Reg,33,Kandahar,3301,Kandahar / Dand,571,69,,,
15-04-20,24,Zabul,2402,Arghandab,24,Zabul,2401,Qalat,192,21,,,
15-03-20,23,Uruzgan,2304,Dehrawud,33,Kandahar,3301,Kandahar / Dand,608,76,,,
03-04-20,32,Hilmand,3204,Nawa-e-Barakzaiy,32,Hilmand,3201,Lashkargah,465,61,47,66,352
08-04-20,32,Hilmand,3203,Nad-e-Ali / Marja,32,Hilmand,3203,Nad-e-Ali / Marja,217,31,29,33,155
06-05-20,23,Uruzgan,2301,Tirinkot,23,Uruzgan,2301,Tirinkot,295,30,,,
20-05-20,32,Hilmand,3210,Kajaki,32,Hilmand,3201,Lashkargah,224,31,,,
01-06-20,24,Zabul,2401,Qalat,24,Zabul,2401,Qalat,818,132,,,
15-06-20,31,Farah,3101,Farah,34,Nimroz,3401,Zaranj,265,34,,,
20-06-20,23,Uruzgan,2301,Tirinkot,23,Uruzgan,2301,Tirinkot,353,43,,,
25-06-20,33,Kandahar,0,,33,Kandahar,3301,Kandahar / Dand,92,12,,,
20-05-20,32,Hilmand,0,,32,Hilmand,3201,Lashkargah,386,56,,,
15-07-20,33,Kandahar,0,,33,Kandahar,3301,Kandahar / Dand,123,23,,,
20-07-20,24,Zabul,2401,Qalat,24,Zabul,2401,Qalat,220,28,,,
18-07-20,32,Hilmand,3203,Nad-e-Ali / Marja,32,Hilmand,3201,Lashkargah,402,58,,,
25-07-20,23,Uruzgan,2301,Tirinkot,23,Uruzgan,2301,Tirinkot,387,54,,,
25-07-20,33,Kandahar,3311,Spinboldak,33,Kandahar,3311,Spinboldak,35,5,,,
01-08-20,31,Farah,3101,Farah,34,Nimroz,3401,Zaranj,382,45,,,
20-08-20,33,Kandahar,3308,Maywand,33,Kandahar,3308,Maywand,646,88,,,
20-08-20,23,Uruzgan,2301,Tirinkot,33,Kandahar,3308,Maywand,17,2,,,
30-08-20,33,Kandahar,3308,Maywand,33,Kandahar,3304,Panjwayi,827,117,,,
30-08-20,33,Kandahar,3308,Maywand,33,Kandahar,3303,Zheray,810,90,,,
30-08-20,33,Kandahar,3308,Maywand,33,Kandahar,3301,Kandahar / Dand,174,19,,,
01-09-20,31,Farah,3101,Farah,34,Nimroz,3401,Zaranj,169,21,,,
05-09-20,32,Hilmand,3203,Nad-e-Ali / Marja,32,Hilmand,3201,Lashkargah,371,56,,,
10-09-20,24,Zabul,2405,Shinkay,24,Zabul,2401,Qalat,307,38,,,
20-09-20,22,Daykundi,2205,Gizab / Patoo,22,Daykundi,2205,Gizab / Patoo,5643,609,,,
26-09-20,23,Uruzgan,2304,Dehrawud,23,Uruzgan,2304,Dehrawud,8532,1057,,,
01-10-20,22,Daykundi,2205,Gizab / Patoo,23,Uruzgan,2301,Tirinkot,121,19,,,
01-10-20,23,Uruzgan,2304,Dehrawud,23,Uruzgan,2301,Tirinkot,335,40,,,
01-10-20,24,Zabul,0,,24,Zabul,2401,Qalat,194,22,,,
11-10-20,32,Hilmand,3201,Lashkargah,32,Hilmand,3201,Lashkargah,20197,2929,2546,2981,14670
12-10-20,32,Hilmand,3201,Lashkargah,34,Nimroz,3401,Zaranj,372,49,,,
13-10-20,32,Hilmand,3201,Lashkargah,33,Kandahar,3301,Kandahar / Dand,291,43,,,
25-10-20,23,Uruzgan,2304,Dehrawud,33,Kandahar,3301,Kandahar / Dand,140,22,22,25,93
25-10-20,32,Hilmand,3201,Lashkargah,33,Kandahar,3301,Kandahar / Dand,384,49,51,61,272
22-10-20,33,Kandahar,3308,Maywand,33,Kandahar,3301,Kandahar / Dand,1973,361,322,366,1285
29-10-20,33,Kandahar,3302,Arghandab,33,Kandahar,3301,Kandahar / Dand,2104,311,318,359,1427
01-11-20,33,Kandahar,3303,Zheray,33,Kandahar,3301,Kandahar / Dand,792,110,112,129,551
01-11-20,33,Kandahar,3304,Panjwayi,33,Kandahar,3301,Kandahar / Dand,2343,351,372,418,1553
01-11-20,33,Kandahar,3307,Khakrez,33,Kandahar,3301,Kandahar / Dand,86,15,15,17,54
01-11-20,33,Kandahar,3301,Kandahar / Dand,33,Kandahar,3301,Kandahar / Dand,360,57,57,63,240
27-10-20,22,Daykundi,2205,Gizab / Patoo,23,Uruzgan,2301,Tirinkot,294,42,,,
27-10-20,23,Uruzgan,2304,Dehrawud,23,Uruzgan,2301,Tirinkot,1573,219,,,
23-10-20,24,Zabul,2405,Shinkay,24,Zabul,2405,Shinkay,1511,159,,,
23-10-20,24,Zabul,2405,Shinkay,24,Zabul,2401,Qalat,344,41,,,
20-09-20,23,Uruzgan,2302,Chora / Chinarto,23,Uruzgan,2301,Tirinkot,1349,196,,,
01-10-20,32,Hilmand,3203,Nad-e-Ali / Marja,34,Nimroz,3401,Zaranj,162,23,30,28,104
09-10-20,31,Farah,3101,Farah,34,Nimroz,3401,Zaranj,138,18,,,
10-11-20,32,Hilmand,3201,Lashkargah,34,Nimroz,3401,Zaranj,75,13,,,
20-12-20,32,Hilmand,3201,Lashkargah,32,Hilmand,3201,Lashkargah,707,106,86,106,515
25-10-20,23,Uruzgan,2304,Dehrawud,33,Kandahar,3301,Kandahar / Dand,80,11,11,11,58
25-10-20,32,Hilmand,3201,Lashkargah,33,Kandahar,3301,Kandahar / Dand,49,8,10,9,30
22-10-20,33,Kandahar,3308,Maywand,33,Kandahar,3301,Kandahar / Dand,139,29,25,32,82
29-10-20,33,Kandahar,3302,Arghandab,33,Kandahar,3301,Kandahar / Dand,566,75,77,84,405
01-11-20,33,Kandahar,3303,Zheray,33,Kandahar,3301,Kandahar / Dand,288,50,51,52,185
01-11-20,33,Kandahar,3304,Panjwayi,33,Kandahar,3301,Kandahar / Dand,980,170,156,178,646
01-11-20,33,Kandahar,3312,Arghestan,33,Kandahar,3301,Kandahar / Dand,88,15,15,16,57
01-11-20,33,Kandahar,3301,Kandahar / Dand,33,Kandahar,3301,Kandahar / Dand,81,11,13,16,52
02-01-20,18,Balkh,1803,Shortepa,18,Balkh,1802,Nahr-e-Shahi,819,117,,,
02-01-20,18,Balkh,1816,Zari,18,Balkh,1802,Nahr-e-Shahi,308,44,,,
02-01-20,18,Balkh,1814,Sholgareh,18,Balkh,1802,Nahr-e-Shahi,280,40,,,
02-01-20,18,Balkh,1804,Dawlatabad,18,Balkh,1801,Mazar-e-Sharif,259,37,,,
02-01-20,19,Samangan,1904,Dara-e-Suf-e-Payin,19,Samangan,1901,Aybak,700,100,,,
02-01-20,19,Samangan,1901,Aybak,19,Samangan,1901,Aybak,448,64,,,
07-01-20,28,Faryab,2807,Kohestan,28,Faryab,2801,Maymana,280,40,,,
07-01-20,28,Faryab,2803,Pashtunkot,28,Faryab,2801,Maymana,161,23,,,
07-01-20,28,Faryab,2804,Shirintagab,28,Faryab,2801,Maymana,35,5,,,
07-01-20,28,Faryab,2802,Khwajasabzposh,28,Faryab,2801,Maymana,161,23,,,
07-01-20,28,Faryab,2809,Bilcheragh,28,Faryab,2801,Maymana,14,2,,,
07-01-20,28,Faryab,2808,Garziwan,28,Faryab,2801,Maymana,91,13,,,
07-01-20,28,Faryab,2806,Qaysar,28,Faryab,2801,Maymana,91,13,,,
07-01-20,28,Faryab,2805,Almar,28,Faryab,2801,Maymana,49,7,,,
07-01-20,21,Ghor,2102,Charsadra,28,Faryab,2801,Maymana,14,2,,,
07-01-20,28,Faryab,2810,Dawlatabad,28,Faryab,2801,Maymana,14,2,,,
20-01-20,18,Balkh,1813,Chemtal,20,Sar-e-Pul,2001,Sar-e-Pul,14,2,,,
20-01-20,28,Faryab,2809,Bilcheragh,20,Sar-e-Pul,2001,Sar-e-Pul,91,13,,,
20-01-20,28,Faryab,2806,Qaysar,20,Sar-e-Pul,2001,Sar-e-Pul,49,7,,,
20-01-20,27,Jawzjan,2711,Darzab,20,Sar-e-Pul,2001,Sar-e-Pul,105,15,,,
20-01-20,27,Jawzjan,2704,Qushtepa,20,Sar-e-Pul,2001,Sar-e-Pul,35,5,,,
20-01-20,20,Sar-e-Pul,2005,Gosfandi,20,Sar-e-Pul,2001,Sar-e-Pul,203,29,,,
20-01-20,20,Sar-e-Pul,2007,Sancharak,20,Sar-e-Pul,2001,Sar-e-Pul,98,14,,,
21-01-20,28,Faryab,2805,Almar,27,Jawzjan,2701,Shiberghan,140,20,,,
21-01-20,28,Faryab,2810,Dawlatabad,27,Jawzjan,2701,Shiberghan,105,15,,,
21-01-20,28,Faryab,0,Qaramqul,27,Jawzjan,2701,Shiberghan,154,22,,,
21-01-20,27,Jawzjan,2711,Darzab,27,Jawzjan,2701,Shiberghan,84,12,,,
21-01-20,27,Jawzjan,2706,Khanaqa,27,Jawzjan,2701,Shiberghan,98,14,,,
21-01-20,20,Sar-e-Pul,2002,Sayad,27,Jawzjan,2701,Shiberghan,119,17,,,
21-01-20,20,Sar-e-Pul,2005,Gosfandi,27,Jawzjan,2701,Shiberghan,105,15,,,
25-01-20,18,Balkh,1814,Sholgareh,18,Balkh,1814,Sholgareh,231,33,,,
27-01-20,28,Faryab,2803,Pashtunkot,20,Sar-e-Pul,2001,Sar-e-Pul,147,21,,,
27-01-20,28,Faryab,2809,Bilcheragh,20,Sar-e-Pul,2001,Sar-e-Pul,105,15,,,
27-01-20,28,Faryab,2808,Garziwan,20,Sar-e-Pul,2001,Sar-e-Pul,903,24,,,
27-01-20,27,Jawzjan,2711,Darzab,20,Sar-e-Pul,2001,Sar-e-Pul,84,12,,,
27-01-20,27,Jawzjan,2710,Khamyab,20,Sar-e-Pul,2001,Sar-e-Pul,56,8,,,
27-01-20,27,Jawzjan,2706,Khanaqa,20,Sar-e-Pul,2001,Sar-e-Pul,70,10,,,
27-01-20,20,Sar-e-Pul,2002,Sayad,20,Sar-e-Pul,2001,Sar-e-Pul,84,12,,,
27-01-20,20,Sar-e-Pul,2005,Gosfandi,20,Sar-e-Pul,2001,Sar-e-Pul,91,13,,,
01-02-20,18,Balkh,1815,Keshendeh,18,Balkh,1802,Nahr-e-Shahi,560,80,,,
01-02-20,18,Balkh,1816,Zari,18,Balkh,1802,Nahr-e-Shahi,280,40,,,
02-02-20,28,Faryab,2802,Khwajasabzposh,28,Faryab,2801,Maymana,441,63,,,
02-02-20,28,Faryab,2805,Almar,28,Faryab,2801,Maymana,147,21,,,
02-02-20,28,Faryab,2806,Qaysar,28,Faryab,2801,Maymana,77,11,,,
02-02-20,28,Faryab,2804,Shirintagab,28,Faryab,2801,Maymana,63,9,,,
02-02-20,28,Faryab,2810,Dawlatabad,28,Faryab,2801,Maymana,56,8,,,
02-02-20,21,Ghor,2102,Charsadra,28,Faryab,2801,Maymana,7,1,,,
02-02-20,20,Sar-e-Pul,2006,Balkhab,28,Faryab,2801,Maymana,14,2,,,
02-02-20,17,Kunduz,1706,Khanabad,28,Faryab,2801,Maymana,14,2,,,
02-02-20,27,Jawzjan,2711,Darzab,27,Jawzjan,2701,Shiberghan,777,111,,,
10-02-20,20,Sar-e-Pul,2001,Sar-e-Pul,20,Sar-e-Pul,2001,Sar-e-Pul,315,45,,,
20-02-20,19,Samangan,1901,Aybak,19,Samangan,1901,Aybak,392,56,,,
20-02-20,28,Faryab,2807,Kohestan,28,Faryab,2801,Maymana,21,3,,,
20-02-20,28,Faryab,2810,Dawlatabad,28,Faryab,2801,Maymana,21,3,,,
20-02-20,28,Faryab,2806,Qaysar,28,Faryab,2801,Maymana,63,9,,,
20-02-20,28,Faryab,2805,Almar,28,Faryab,2801,Maymana,175,25,,,
20-02-20,28,Faryab,2804,Shirintagab,28,Faryab,2801,Maymana,119,17,,,
20-02-20,28,Faryab,2802,Khwajasabzposh,28,Faryab,2801,Maymana,357,51,,,
20-02-20,28,Faryab,2808,Garziwan,28,Faryab,2801,Maymana,14,2,,,
20-02-20,28,Faryab,2813,Khan-e-Char Bagh,28,Faryab,2801,Maymana,7,1,,,
20-02-20,28,Faryab,2803,Pashtunkot,28,Faryab,2801,Maymana,49,7,,,
20-02-20,21,Ghor,2102,Charsadra,28,Faryab,2801,Maymana,14,2,,,
25-02-20,18,Balkh,1804,Dawlatabad,18,Balkh,1802,Nahr-e-Shahi,945,135,,,
25-02-20,18,Balkh,1813,Chemtal,18,Balkh,1802,Nahr-e-Shahi,784,112,,,
25-02-20,28,Faryab,2810,Dawlatabad,18,Balkh,1802,Nahr-e-Shahi,315,45,,,
25-02-20,28,Faryab,2804,Shirintagab,18,Balkh,1802,Nahr-e-Shahi,434,62,,,
02-03-20,20,Sar-e-Pul,2001,Sar-e-Pul,20,Sar-e-Pul,2001,Sar-e-Pul,294,42,,,
05-03-20,18,Balkh,1815,Keshendeh,18,Balkh,1801,Mazar-e-Sharif,595,85,,,
05-03-20,28,Faryab,2802,Khwajasabzposh,18,Balkh,1801,Mazar-e-Sharif,469,67,,,
05-03-20,28,Faryab,2803,Pashtunkot,27,Jawzjan,2701,Shiberghan,98,14,,,
05-03-20,28,Faryab,2810,Dawlatabad,27,Jawzjan,2701,Shiberghan,49,7,,,
05-03-20,27,Jawzjan,2702,Mingajik,27,Jawzjan,2701,Shiberghan,84,12,,,
05-03-20,27,Jawzjan,2711,Darzab,27,Jawzjan,2701,Shiberghan,98,14,,,
05-03-20,20,Sar-e-Pul,2007,Sancharak,27,Jawzjan,2701,Shiberghan,70,10,,,
10-03-20,19,Samangan,1904,Dara-e-Suf-e-Payin,19,Samangan,1901,Aybak,497,71,,,
22-03-20,28,Faryab,2804,Shirintagab,28,Faryab,2801,Maymana,28,4,,,
22-03-20,28,Faryab,2808,Garziwan,28,Faryab,2801,Maymana,7,1,,,
22-03-20,28,Faryab,2802,Khwajasabzposh,28,Faryab,2801,Maymana,7,1,,,
22-03-20,28,Faryab,2803,Pashtunkot,28,Faryab,2801,Maymana,7,1,,,
22-03-20,28,Faryab,2809,Bilcheragh,28,Faryab,2801,Maymana,7,1,,,
22-03-20,28,Faryab,2810,Dawlatabad,28,Faryab,2801,Maymana,14,2,,,
22-03-20,28,Faryab,2805,Almar,28,Faryab,2801,Maymana,21,3,,,
22-03-20,28,Faryab,2806,Qaysar,28,Faryab,2801,Maymana,49,7,,,
22-03-20,28,Faryab,2807,Kohestan,28,Faryab,2801,Maymana,21,3,,,
25-03-20,18,Balkh,1816,Zari,18,Balkh,1802,Nahr-e-Shahi,994,142,,,
09-04-20,28,Faryab,2812,Qaramqol,28,Faryab,2811,Andkhoy,1197,171,,,
15-04-20,18,Balkh,1814,Sholgareh,18,Balkh,1807,Charkent,238,34,,,
26-04-20,28,Faryab,2810,Dawlatabad,27,Jawzjan,2701,Shiberghan,161,23,,,
26-04-20,28,Faryab,2809,Bilcheragh,27,Jawzjan,2701,Shiberghan,105,15,,,
26-04-20,28,Faryab,2804,Shirintagab,27,Jawzjan,2701,Shiberghan,126,18,,,
26-04-20,28,Faryab,2806,Qaysar,27,Jawzjan,2701,Shiberghan,140,20,,,
27-04-20,28,Faryab,2803,Pashtunkot,28,Faryab,2801,Maymana,56,8,,,
27-04-20,28,Faryab,2802,Khwajasabzposh,28,Faryab,2801,Maymana,42,6,,,
27-04-20,28,Faryab,2808,Garziwan,28,Faryab,2801,Maymana,14,2,,,
27-04-20,28,Faryab,2810,Dawlatabad,28,Faryab,2801,Maymana,49,7,,,
27-04-20,28,Faryab,2804,Shirintagab,28,Faryab,2801,Maymana,21,3,,,
27-04-20,28,Faryab,2806,Qaysar,28,Faryab,2801,Maymana,28,4,,,
27-04-20,17,Kunduz,1701,Kunduz,28,Faryab,2801,Maymana,63,9,,,
27-04-20,28,Faryab,2805,Almar,28,Faryab,2801,Maymana,42,6,,,
05-05-20,18,Balkh,1814,Sholgareh,18,Balkh,1801,Mazar-e-Sharif,1085,155,,,
20-05-20,18,Balkh,1815,Keshendeh,18,Balkh,1802,Nahr-e-Shahi,987,141,,,
20-05-20,19,Samangan,1904,Dara-e-Suf-e-Payin,19,Samangan,1901,Aybak,595,85,,,
20-05-20,27,Jawzjan,2708,Mardyan,27,Jawzjan,0,,700,100,,,
20-05-20,27,Jawzjan,0,,27,Jawzjan,0,,679,97,,,
21-05-20,20,Sar-e-Pul,2002,Sayad,20,Sar-e-Pul,2001,Sar-e-Pul,357,51,,,
21-05-20,28,Faryab,2809,Bilcheragh,20,Sar-e-Pul,2001,Sar-e-Pul,161,23,,,
25-05-20,18,Balkh,1812,Charbulak,18,Balkh,1801,Mazar-e-Sharif,2016,288,,,
25-05-20,28,Faryab,2804,Shirintagab,18,Balkh,1801,Mazar-e-Sharif,1778,254,,,
26-05-20,27,Jawzjan,0,,27,Jawzjan,0,,2345,335,,,
26-05-20,27,Jawzjan,0,,27,Jawzjan,0,,2310,330,,,
27-05-20,27,Jawzjan,2702,Mingajik,27,Jawzjan,2707,Aqcha,1155,165,,,
10-06-20,28,Faryab,2803,Pashtunkot,28,Faryab,2801,Maymana,98,14,,,
10-06-20,28,Faryab,2802,Khwajasabzposh,28,Faryab,2801,Maymana,70,10,,,
10-06-20,28,Faryab,2808,Garziwan,28,Faryab,2801,Maymana,21,3,,,
10-06-20,28,Faryab,2804,Shirintagab,28,Faryab,2801,Maymana,35,5,,,
10-06-20,28,Faryab,2810,Dawlatabad,28,Faryab,2801,Maymana,7,1,,,
10-06-20,28,Faryab,2805,Almar,28,Faryab,2801,Maymana,21,3,,,
10-06-20,28,Faryab,2806,Qaysar,28,Faryab,2801,Maymana,98,14,,,
10-06-20,18,Balkh,1805,Balkh,28,Faryab,2801,Maymana,7,1,,,
10-06-20,21,Ghor,2102,Charsadra,28,Faryab,2801,Maymana,7,1,,,
10-06-20,20,Sar-e-Pul,2001,Sar-e-Pul,28,Faryab,2801,Maymana,7,1,,,
10-06-20,28,Faryab,2807,Kohestan,28,Faryab,2801,Maymana,14,2,,,
10-06-20,28,Faryab,2809,Bilcheragh,28,Faryab,2801,Maymana,7,1,,,
16-06-20,28,Faryab,2806,Qaysar,28,Faryab,2806,Qaysar,2135,305,,,
23-06-20,20,Sar-e-Pul,2002,Sayad,20,Sar-e-Pul,2001,Sar-e-Pul,189,27,,,
23-06-20,27,Jawzjan,2704,Qushtepa,20,Sar-e-Pul,2001,Sar-e-Pul,63,9,,,
01-07-20,28,Faryab,2804,Shirintagab,28,Faryab,2801,Maymana,28,4,,,
01-07-20,28,Faryab,2810,Dawlatabad,28,Faryab,2801,Maymana,42,6,,,
01-07-20,28,Faryab,2803,Pashtunkot,28,Faryab,2801,Maymana,21,3,,,
01-07-20,28,Faryab,2808,Garziwan,28,Faryab,2801,Maymana,70,10,,,
01-07-20,28,Faryab,2807,Kohestan,28,Faryab,2801,Maymana,70,10,,,
01-07-20,28,Faryab,2802,Khwajasabzposh,28,Faryab,2801,Maymana,49,7,,,
01-07-20,28,Faryab,2806,Qaysar,28,Faryab,2801,Maymana,91,13,,,
01-07-20,28,Faryab,2809,Bilcheragh,28,Faryab,2801,Maymana,14,2,,,
20-07-20,27,Jawzjan,2706,Khanaqa,27,Jawzjan,2701,Shiberghan,203,29,,,
20-07-20,28,Faryab,2803,Pashtunkot,27,Jawzjan,2701,Shiberghan,175,25,,,
21-07-20,20,Sar-e-Pul,2007,Sancharak,20,Sar-e-Pul,2001,Sar-e-Pul,434,62,,,
28-07-20,19,Samangan,1901,Aybak,19,Samangan,1901,Aybak,189,27,,,
28-07-20,19,Samangan,1907,Ruy-e-Duab,19,Samangan,1901,Aybak,140,20,,,
10-08-20,28,Faryab,2805,Almar,28,Faryab,2801,Maymana,14,2,,,
10-08-20,28,Faryab,2810,Dawlatabad,28,Faryab,2801,Maymana,7,1,,,
10-08-20,28,Faryab,2802,Khwajasabzposh,28,Faryab,2801,Maymana,434,62,,,
10-08-20,28,Faryab,2807,Kohestan,28,Faryab,2801,Maymana,7,1,,,
10-08-20,28,Faryab,2803,Pashtunkot,28,Faryab,2801,Maymana,21,3,,,
10-08-20,28,Faryab,2806,Qaysar,28,Faryab,2801,Maymana,21,3,,,
10-08-20,28,Faryab,2804,Shirintagab,28,Faryab,2801,Maymana,14,2,,,
10-08-20,28,Faryab,2802,Khwajasabzposh,18,Balkh,1801,Mazar-e-Sharif,1022,146,,,
10-08-20,28,Faryab,2805,Almar,18,Balkh,1801,Mazar-e-Sharif,343,49,,,
10-08-20,28,Faryab,2806,Qaysar,18,Balkh,1801,Mazar-e-Sharif,1043,149,,,
10-08-20,18,Balkh,1813,Chemtal,18,Balkh,1801,Mazar-e-Sharif,686,98,,,
26-08-20,28,Faryab,2802,Khwajasabzposh,28,Faryab,2801,Maymana,280,40,,,
26-08-20,28,Faryab,2805,Almar,28,Faryab,2801,Maymana,7,1,,,
26-08-20,28,Faryab,2803,Pashtunkot,28,Faryab,2801,Maymana,7,1,,,
26-08-20,28,Faryab,2806,Qaysar,28,Faryab,2801,Maymana,889,127,,,
26-08-20,28,Faryab,2808,Garziwan,28,Faryab,2801,Maymana,7,1,,,
28-08-20,19,Samangan,1901,Aybak,19,Samangan,1901,Aybak,490,70,,,
28-08-20,19,Samangan,1907,Ruy-e-Duab,19,Samangan,1901,Aybak,252,36,,,
28-08-20,20,Sar-e-Pul,2001,Sar-e-Pul,20,Sar-e-Pul,2001,Sar-e-Pul,420,60,,,
28-08-20,20,Sar-e-Pul,2007,Sancharak,20,Sar-e-Pul,2007,Sancharak,2128,304,,,
28-08-20,27,Jawzjan,2701,Shiberghan,27,Jawzjan,2701,Shiberghan,483,69,,,
31-08-20,28,Faryab,2806,Qaysar,28,Faryab,2801,Maymana,1050,150,,,
31-08-20,28,Faryab,2805,Almar,28,Faryab,2801,Maymana,28,4,,,
31-08-20,28,Faryab,2809,Bilcheragh,28,Faryab,2801,Maymana,21,3,,,
31-08-20,28,Faryab,2803,Pashtunkot,28,Faryab,2801,Maymana,28,4,,,
31-08-20,28,Faryab,2807,Kohestan,28,Faryab,2801,Maymana,35,5,,,
31-08-20,28,Faryab,2808,Garziwan,28,Faryab,2801,Maymana,21,3,,,
31-08-20,28,Faryab,2804,Shirintagab,28,Faryab,2801,Maymana,42,6,,,
31-08-20,28,Faryab,2802,Khwajasabzposh,28,Faryab,2801,Maymana,651,93,,,
31-08-20,29,Badghis,2905,Jawand,28,Faryab,2801,Maymana,7,1,,,
31-08-20,18,Balkh,1801,Mazar-e-Sharif,28,Faryab,2801,Maymana,7,1,,,
05-09-20,18,Balkh,1813,Chemtal,18,Balkh,1806,Dehdadi,112,16,,,
05-09-20,18,Balkh,1804,Dawlatabad,18,Balkh,1806,Dehdadi,147,21,,,
05-09-20,18,Balkh,1814,Sholgareh,18,Balkh,1806,Dehdadi,70,10,,,
05-09-20,28,Faryab,2805,Almar,18,Balkh,1806,Dehdadi,238,34,,,
09-09-20,28,Faryab,2809,Bilcheragh,27,Jawzjan,2701,Shiberghan,392,56,,,
09-09-20,20,Sar-e-Pul,2007,Sancharak,27,Jawzjan,2701,Shiberghan,210,30,,,
09-09-20,19,Samangan,1904,Dara-e-Suf-e-Payin,27,Jawzjan,2701,Shiberghan,49,7,,,
09-09-20,20,Sar-e-Pul,2001,Sar-e-Pul,20,Sar-e-Pul,2001,Sar-e-Pul,813,117,,,
15-09-20,18,Balkh,1804,Dawlatabad,18,Balkh,1801,Mazar-e-Sharif,315,45,,,
24-09-20,20,Sar-e-Pul,0,,20,Sar-e-Pul,2001,Sar-e-Pul,1029,147,,,
01-10-20,19,Samangan,1904,Dara-e-Suf-e-Payin,19,Samangan,1901,Aybak,413,59,,,
01-10-20,19,Samangan,1907,Ruy-e-Duab,19,Samangan,1901,Aybak,266,38,,,
01-10-20,19,Samangan,1901,Aybak,19,Samangan,1901,Aybak,350,50,,,
03-10-20,28,Faryab,2804,Shirintagab,18,Balkh,1802,Nahr-e-Shahi,168,24,,,
05-10-20,28,Faryab,2806,Qaysar,28,Faryab,2801,Maymana,651,93,,,
05-10-20,28,Faryab,2802,Khwajasabzposh,28,Faryab,2801,Maymana,1659,237,,,
05-10-20,28,Faryab,2803,Pashtunkot,28,Faryab,2801,Maymana,21,3,,,
05-10-20,28,Faryab,2807,Kohestan,28,Faryab,2801,Maymana,14,2,,,
05-10-20,28,Faryab,2811,Andkhoy,28,Faryab,2801,Maymana,7,1,,,
05-10-20,28,Faryab,2805,Almar,28,Faryab,2801,Maymana,21,3,,,
05-10-20,28,Faryab,2804,Shirintagab,28,Faryab,2801,Maymana,7,1,,,
05-10-20,29,Badghis,2906,Balamurghab,28,Faryab,2801,Maymana,21,3,,,
05-10-20,28,Faryab,2808,Garziwan,28,Faryab,2801,Maymana,7,1,,,
05-10-20,28,Faryab,2801,Maymana,28,Faryab,2801,Maymana,7,1,,,
05-10-20,28,Faryab,2809,Bilcheragh,28,Faryab,2801,Maymana,7,1,,,
07-10-20,20,Sar-e-Pul,2004,Sozmaqala,20,Sar-e-Pul,2001,Sar-e-Pul,448,64,,,
14-10-20,28,Faryab,2810,Dawlatabad,27,Jawzjan,2701,Shiberghan,147,21,,,
15-10-20,28,Faryab,2802,Khwajasabzposh,28,Faryab,2801,Maymana,2737,391,,,
15-10-20,28,Faryab,2805,Almar,28,Faryab,2801,Maymana,14,2,,,
15-10-20,28,Faryab,2803,Pashtunkot,28,Faryab,2801,Maymana,21,3,,,
15-10-20,28,Faryab,2804,Shirintagab,28,Faryab,2801,Maymana,21,3,,,
15-10-20,28,Faryab,2806,Qaysar,28,Faryab,2801,Maymana,973,139,,,
15-10-20,28,Faryab,2807,Kohestan,28,Faryab,2801,Maymana,35,5,,,
15-10-20,29,Badghis,2906,Balamurghab,28,Faryab,2801,Maymana,7,1,,,
15-10-20,18,Balkh,1814,Sholgareh,18,Balkh,1802,Nahr-e-Shahi,329,47,,,
15-10-20,18,Balkh,1807,Charkent,18,Balkh,1801,Mazar-e-Sharif,252,36,,,
15-10-20,18,Balkh,1804,Dawlatabad,18,Balkh,1806,Dehdadi,308,44,,,
15-10-20,18,Balkh,1813,Chemtal,18,Balkh,1802,Nahr-e-Shahi,196,28,,,
15-10-20,18,Balkh,1812,Charbulak,18,Balkh,1806,Dehdadi,224,32,,,
20-10-20,18,Balkh,1804,Dawlatabad,18,Balkh,1802,Nahr-e-Shahi,441,63,,,
20-10-20,18,Balkh,1816,Zari,18,Balkh,1806,Dehdadi,350,50,,,
20-10-20,18,Balkh,1813,Chemtal,18,Balkh,1801,Mazar-e-Sharif,385,55,,,
20-10-20,18,Balkh,1814,Sholgareh,18,Balkh,1806,Dehdadi,336,48,,,
20-10-20,18,Balkh,1807,Charkent,18,Balkh,1802,Nahr-e-Shahi,273,39,,,
20-10-20,27,Jawzjan,2708,Mardyan,18,Balkh,1801,Mazar-e-Sharif,287,41,,,
20-10-20,28,Faryab,2803,Pashtunkot,18,Balkh,1802,Nahr-e-Shahi,322,46,,,
27-10-20,28,Faryab,2806,Qaysar,28,Faryab,2801,Maymana,588,84,,,
27-10-20,28,Faryab,2802,Khwajasabzposh,28,Faryab,2801,Maymana,1491,213,,,
27-10-20,28,Faryab,2805,Almar,28,Faryab,2801,Maymana,7,1,,,
27-10-20,28,Faryab,2804,Shirintagab,28,Faryab,2801,Maymana,14,2,,,
27-10-20,28,Faryab,2803,Pashtunkot,28,Faryab,2801,Maymana,14,2,,,
27-10-20,28,Faryab,2807,Kohestan,28,Faryab,2801,Maymana,21,3,,,
27-10-20,28,Faryab,2808,Garziwan,28,Faryab,2801,Maymana,7,1,,,
01-11-20,27,Jawzjan,2701,Shiberghan,27,Jawzjan,2701,Shiberghan,147,21,,,
01-11-20,27,Jawzjan,2701,Shiberghan,27,Jawzjan,2701,Shiberghan,812,116,,,
01-11-20,20,Sar-e-Pul,2001,Sar-e-Pul,20,Sar-e-Pul,2001,Sar-e-Pul,448,64,,,
01-11-20,27,Jawzjan,2705,Fayzabad,27,Jawzjan,2705,Fayzabad,455,65,,,
01-11-20,27,Jawzjan,2707,Aqcha,27,Jawzjan,2707,Aqcha,469,67,,,
03-11-20,20,Sar-e-Pul,2001,Sar-e-Pul,20,Sar-e-Pul,2001,Sar-e-Pul,252,36,,,
11-11-20,27,Jawzjan,2707,Aqcha,27,Jawzjan,2707,Aqcha,812,116,,,
18-11-20,28,Faryab,2802,Khwajasabzposh,28,Faryab,2801,Maymana,1631,233,,,
18-11-20,28,Faryab,2806,Qaysar,28,Faryab,2801,Maymana,616,88,,,
18-11-20,28,Faryab,2807,Kohestan,28,Faryab,2801,Maymana,28,4,,,
18-11-20,28,Faryab,2804,Shirintagab,28,Faryab,2801,Maymana,7,1,,,
18-11-20,28,Faryab,2810,Dawlatabad,28,Faryab,2801,Maymana,7,1,,,
18-11-20,28,Faryab,2801,Maymana,28,Faryab,2801,Maymana,7,1,,,
18-11-20,28,Faryab,2803,Pashtunkot,28,Faryab,2801,Maymana,28,4,,,
01-12-20,20,Sar-e-Pul,2002,Sayad,20,Sar-e-Pul,2001,Sar-e-Pul,252,36,,,
01-12-20,20,Sar-e-Pul,2003,Kohestanat,20,Sar-e-Pul,2001,Sar-e-Pul,406,58,,,
01-12-20,28,Faryab,2804,Shirintagab,27,Jawzjan,2701,Shiberghan,672,96,,,
02-12-20,20,Sar-e-Pul,2001,Sar-e-Pul,20,Sar-e-Pul,2001,Sar-e-Pul,406,58,,,
08-12-20,28,Faryab,2806,Qaysar,28,Faryab,2801,Maymana,987,141,,,
08-12-20,28,Faryab,2802,Khwajasabzposh,28,Faryab,2801,Maymana,567,81,,,
08-12-20,28,Faryab,2805,Almar,28,Faryab,2801,Maymana,56,8,,,
08-12-20,28,Faryab,2803,Pashtunkot,28,Faryab,2801,Maymana,42,6,,,
08-12-20,28,Faryab,2807,Kohestan,28,Faryab,2801,Maymana,7,1,,,
08-12-20,28,Faryab,2808,Garziwan,28,Faryab,2801,Maymana,7,1,,,
08-12-20,29,Badghis,2906,Balamurghab,28,Faryab,2801,Maymana,28,4,,,
08-12-20,28,Faryab,2810,Dawlatabad,28,Faryab,2801,Maymana,7,1,,,
15-12-20,19,Samangan,1904,Dara-e-Suf-e-Payin,19,Samangan,1901,Aybak,966,138,,,
20-12-20,18,Balkh,1804,Dawlatabad,18,Balkh,1802,Nahr-e-Shahi,413,59,,,
20-01-20,16,Takhar,1610,Chahab,16,Takhar,1601,Taloqan,301,43,,,
24-01-20,9,Baghlan,901,Pul-e-Khumri,9,Baghlan,901,Pul-e-Khumri,2086,298,,,
01-02-20,15,Badakhshan,1515,Darwaz-e-Balla,15,Badakhshan,1515,Darwaz-e-Balla,168,24,,,
05-02-20,15,Badakhshan,1505,Kohestan,15,Badakhshan,1501,Fayzabad,203,29,,,
10-02-20,15,Badakhshan,1522,Warduj,15,Badakhshan,1522,Warduj,4158,594,,,
10-02-20,9,Baghlan,901,Pul-e-Khumri,9,Baghlan,901,Pul-e-Khumri,2597,371,,,
08-03-20,9,Baghlan,901,Pul-e-Khumri,9,Baghlan,901,Pul-e-Khumri,1533,219,,,
03-04-20,15,Badakhshan,1521,Jorm,15,Badakhshan,1501,Fayzabad,917,131,,,
05-04-20,9,Baghlan,901,Pul-e-Khumri,9,Baghlan,901,Pul-e-Khumri,1848,264,,,
18-04-20,15,Badakhshan,1521,Jorm,15,Badakhshan,1512,Baharak,1617,231,,,
20-04-20,28,Faryab,2806,Qaysar,17,Kunduz,1701,Kunduz,21,3,,,
21-04-20,15,Badakhshan,1521,Jorm,15,Badakhshan,1521,Jorm,560,80,,,
28-04-20,28,Faryab,2803,Pashtunkot,17,Kunduz,1701,Kunduz,98,14,,,
12-05-20,16,Takhar,1603,Baharak,16,Takhar,1601,Taloqan,273,39,,,
25-05-20,16,Takhar,1608,Kalafgan,16,Takhar,1601,Taloqan,133,19,,,
25-05-20,16,Takhar,1608,Kalafgan,16,Takhar,1601,Taloqan,161,23,,,
19-06-20,16,Takhar,1607,Farkhar,16,Takhar,1601,Taloqan,1386,198,,,
21-06-20,9,Baghlan,901,Pul-e-Khumri,9,Baghlan,901,Pul-e-Khumri,2793,399,,,
21-06-20,16,Takhar,1607,Farkhar,16,Takhar,1601,Taloqan,441,63,,,
21-06-20,16,Takhar,1607,Farkhar,16,Takhar,1601,Taloqan,1470,210,,,
21-06-20,16,Takhar,1607,Farkhar,16,Takhar,1601,Taloqan,2884,412,,,
03-07-20,9,Baghlan,901,Pul-e-Khumri,9,Baghlan,901,Pul-e-Khumri,2541,363,,,
03-07-20,9,Baghlan,901,Pul-e-Khumri,9,Baghlan,901,Pul-e-Khumri,1771,253,,,
05-07-20,17,Kunduz,1702,Emamsaheb,17,Kunduz,1702,Emamsaheb,987,141,,,
07-07-20,15,Badakhshan,1508,Shahr-e-Buzorg,15,Badakhshan,1501,Fayzabad,42,6,,,
19-07-20,17,Kunduz,1702,Emamsaheb,17,Kunduz,1702,Emamsaheb,574,82,,,
19-07-20,16,Takhar,1614,Khwajaghar,16,Takhar,1601,Taloqan,2289,327,,,
20-07-20,16,Takhar,1613,Dasht-e-Qala,16,Takhar,1601,Taloqan,847,121,,,
23-07-20,16,Takhar,1613,Dasht-e-Qala,16,Takhar,1601,Taloqan,707,101,,,
02-08-20,15,Badakhshan,1521,Jorm,15,Badakhshan,1501,Fayzabad,378,54,,,
14-08-20,17,Kunduz,1706,Khanabad,17,Kunduz,1701,Kunduz,1673,239,,,
14-08-20,17,Kunduz,1706,Khanabad,17,Kunduz,1701,Kunduz,1939,277,,,
14-08-20,17,Kunduz,1706,Khanabad,17,Kunduz,1701,Kunduz,1561,223,,,
14-08-20,17,Kunduz,1706,Khanabad,17,Kunduz,1701,Kunduz,3500,500,,,
14-08-20,17,Kunduz,1706,Khanabad,17,Kunduz,1706,Khanabad,3031,433,,,
14-08-20,17,Kunduz,1706,Khanabad,17,Kunduz,1701,Kunduz,3500,500,,,
14-08-20,17,Kunduz,1706,Khanabad,17,Kunduz,1701,Kunduz,4053,579,,,
14-08-20,17,Kunduz,1706,Khanabad,17,Kunduz,1701,Kunduz,7105,1015,,,
20-08-20,17,Kunduz,1702,Emamsaheb,17,Kunduz,1702,Emamsaheb,1092,156,,,
20-08-20,17,Kunduz,1702,Emamsaheb,17,Kunduz,1702,Emamsaheb,1596,228,,,
20-08-20,17,Kunduz,1702,Emamsaheb,17,Kunduz,1702,Emamsaheb,2457,351,,,
20-08-20,17,Kunduz,1702,Emamsaheb,17,Kunduz,1702,Emamsaheb,2205,315,,,
20-08-20,9,Baghlan,901,Pul-e-Khumri,9,Baghlan,901,Pul-e-Khumri,3668,524,,,
06-09-20,15,Badakhshan,1521,Jorm,15,Badakhshan,1501,Fayzabad,2051,293,,,
08-09-20,17,Kunduz,1701,Kunduz,17,Kunduz,1701,Kunduz,8568,1224,,,
09-09-20,9,Baghlan,913,Khost Wa Fereng,9,Baghlan,913,Khost Wa Fereng,602,86,,,
10-09-20,16,Takhar,1612,Khwajabahawuddin,16,Takhar,1601,Taloqan,1106,158,,,
10-09-20,16,Takhar,1612,Khwajabahawuddin,16,Takhar,1612,Khwajabahawuddin,2268,324,,,
10-09-20,9,Baghlan,901,Pul-e-Khumri,9,Baghlan,901,Pul-e-Khumri,2555,365,,,
18-09-20,17,Kunduz,1706,Khanabad,17,Kunduz,1701,Kunduz,1771,253,,,
20-09-20,16,Takhar,1601,Taloqan,16,Takhar,1601,Taloqan,2282,326,,,
20-09-20,16,Takhar,1601,Taloqan,16,Takhar,1601,Taloqan,3052,436,,,
21-09-20,16,Takhar,1601,Taloqan,16,Takhar,1601,Taloqan,896,128,,,
23-09-20,17,Kunduz,1705,Aliabad,17,Kunduz,1701,Kunduz,18347,2621,,,
23-09-20,17,Kunduz,1705,Aliabad,17,Kunduz,1705,Aliabad,952,136,,,
24-09-20,16,Takhar,1601,Taloqan,16,Takhar,1601,Taloqan,3374,482,,,
25-09-20,9,Baghlan,901,Pul-e-Khumri,9,Baghlan,901,Pul-e-Khumri,3073,439,,,
27-09-20,17,Kunduz,1702,Emamsaheb,17,Kunduz,1702,Emamsaheb,476,68,,,
30-09-20,16,Takhar,1606,Namakab,16,Takhar,1601,Taloqan,1925,275,,,
10-10-20,9,Baghlan,901,Pul-e-Khumri,9,Baghlan,901,Pul-e-Khumri,2933,419,,,
11-10-20,16,Takhar,1603,Baharak,16,Takhar,1601,Taloqan,2870,410,,,
11-10-20,16,Takhar,1603,Baharak,16,Takhar,1601,Taloqan,1120,160,,,
15-10-20,15,Badakhshan,1503,Argo,15,Badakhshan,1501,Fayzabad,490,70,,,
18-10-20,17,Kunduz,1702,Emamsaheb,17,Kunduz,1702,Emamsaheb,1687,241,,,
18-10-20,17,Kunduz,1706,Khanabad,17,Kunduz,1706,Khanabad,2317,331,,,
25-10-20,16,Takhar,1605,Chal,16,Takhar,1605,Chal,399,57,,,
01-11-20,16,Takhar,1601,Taloqan,16,Takhar,1601,Taloqan,1379,197,,,
18-11-20,16,Takhar,1603,Baharak,16,Takhar,1601,Taloqan,1491,213,,,
22-11-20,16,Takhar,1603,Baharak,16,Takhar,1601,Taloqan,1260,180,,,
15-12-20,17,Kunduz,1702,Emamsaheb,17,Kunduz,1702,Emamsaheb,441,63,,,
01-01-20,13,Kunar,1307,Dara-e-Pech,13,Kunar,1307,Dara-e-Pech,98,14,18,21,59
03-01-20,6,Nangarhar,604,Khogyani,6,Nangarhar,601,Jalalabad,126,18,23,27,76
09-01-20,6,Nangarhar,619,Muhmand Dara,6,Nangarhar,619,Muhmand Dara,924,132,197,215,512
09-01-20,6,Nangarhar,619,Muhmand Dara,6,Nangarhar,618,Shinwar,805,115,123,147,465
09-01-20,6,Nangarhar,619,Muhmand Dara,6,Nangarhar,617,Achin,1827,261,307,421,1099
12-01-20,6,Nangarhar,611,Sherzad,6,Nangarhar,603,Surkhrod,126,18,23,35,68
12-01-20,13,Kunar,1313,Chapadara,6,Nangarhar,602,Behsud,112,16,21,37,54
03-01-20,7,Laghman,704,Alingar,7,Laghman,701,Mehtarlam / Bad Pash,1247,170,161,220,866
03-01-20,7,Laghman,704,Alingar,7,Laghman,704,Alingar,351,49,43,50,258
01-01-20,13,Kunar,1307,Dara-e-Pech,13,Kunar,1303,Narang,130,18,20,21,87
01-01-20,13,Kunar,1307,Dara-e-Pech,13,Kunar,1308,Chawkay,282,38,40,44,198
01-01-20,13,Kunar,1307,Dara-e-Pech,13,Kunar,1304,Sarkani,59,9,8,12,39
01-01-20,13,Kunar,1307,Dara-e-Pech,13,Kunar,1302,Watapur,346,48,53,56,237
05-01-20,14,Nuristan,1406,Waygal,14,Nuristan,1406,Waygal,39,14,7,8,24
02-01-20,13,Kunar,1307,Dara-e-Pech,14,Nuristan,1401,Poruns,178,30,29,33,116
28-01-20,6,Nangarhar,611,Sherzad,6,Nangarhar,611,Sherzad,665,95,107,197,361
28-01-20,6,Nangarhar,611,Sherzad,6,Nangarhar,603,Surkhrod,1036,148,197,213,626
28-01-20,6,Nangarhar,611,Sherzad,6,Nangarhar,601,Jalalabad,1078,154,132,179,767
28-01-20,6,Nangarhar,611,Sherzad,6,Nangarhar,604,Khogyani,833,119,127,165,541
28-01-20,6,Nangarhar,611,Sherzad,6,Nangarhar,602,Behsud,336,48,53,65,218
20-02-20,13,Kunar,1308,Chawkay,13,Kunar,1309,Khaskunar,350,50,51,57,242
05-02-20,7,Laghman,704,Alingar,7,Laghman,701,Mehtarlam / Bad Pash,21,3,5,7,9
05-02-20,7,Laghman,702,Alishang,7,Laghman,701,Mehtarlam / Bad Pash,50,8,8,14,28
20-02-20,13,Kunar,1308,Chawkay,6,Nangarhar,602,Behsud,1309,187,241,377,691
03-01-20,6,Nangarhar,611,Sherzad,6,Nangarhar,602,Behsud,532,76,102,137,293
01-01-20,13,Kunar,1307,Dara-e-Pech,13,Kunar,1301,Asadabad,189,36,31,38,120
01-01-20,13,Kunar,1307,Dara-e-Pech,13,Kunar,1303,Narang,141,26,23,26,92
01-01-20,13,Kunar,1307,Dara-e-Pech,13,Kunar,1308,Chawkay,73,12,10,13,50
20-02-20,13,Kunar,1308,Chawkay,13,Kunar,1308,Chawkay,6335,905,971,1032,4332
20-02-20,13,Kunar,1308,Chawkay,13,Kunar,1303,Narang,126,18,23,37,66
20-02-20,13,Kunar,1308,Chawkay,6,Nangarhar,602,Behsud,161,23,27,47,87
20-02-20,13,Kunar,1308,Chawkay,6,Nangarhar,608,Kuzkunar,84,12,17,25,42
20-02-20,13,Kunar,1308,Chawkay,6,Nangarhar,607,Kama,147,21,31,43,73
20-02-20,13,Kunar,1308,Chawkay,6,Nangarhar,601,Jalalabad,581,83,91,107,383
03-03-20,13,Kunar,1314,Nurgal,13,Kunar,1314,Nurgal,1505,215,253,371,881
03-03-20,13,Kunar,1314,Nurgal,13,Kunar,1314,Nurgal,980,140,153,201,626
20-02-20,13,Kunar,1308,Chawkay,6,Nangarhar,608,Kuzkunar,154,22,27,31,96
20-02-20,13,Kunar,1308,Chawkay,6,Nangarhar,606,Rodat,112,16,21,27,64
03-03-20,13,Kunar,1314,Nurgal,6,Nangarhar,608,Kuzkunar,1267,181,197,238,832
03-03-20,13,Kunar,1314,Nurgal,6,Nangarhar,607,Kama,70,10,13,17,40
03-03-20,13,Kunar,1314,Nurgal,6,Nangarhar,602,Behsud,196,28,37,46,113
29-01-20,6,Nangarhar,611,Sherzad,6,Nangarhar,603,Surkhrod,119,18,30,48,41
10-03-20,13,Kunar,1302,Watapur,13,Kunar,1302,Watapur,399,57,67,79,253
10-03-20,13,Kunar,1302,Watapur,13,Kunar,1301,Asadabad,525,75,91,103,331
10-03-20,13,Kunar,1307,Dara-e-Pech,13,Kunar,1304,Sarkani,665,95,121,137,407
07-03-20,7,Laghman,704,Alingar,7,Laghman,701,Mehtarlam / Bad Pash,131,33,12,57,62
07-03-20,7,Laghman,702,Alishang,7,Laghman,701,Mehtarlam / Bad Pash,350,48,50,202,98
07-03-20,7,Laghman,701,Mehtarlam / Bad Pash,7,Laghman,701,Mehtarlam / Bad Pash,61,12,13,14,34
20-02-20,13,Kunar,1308,Chawkay,13,Kunar,1309,Khaskunar,217,31,49,67,101
03-03-20,13,Kunar,1314,Nurgal,13,Kunar,1309,Khaskunar,245,35,59,68,118
29-03-20,13,Kunar,1307,Dara-e-Pech,13,Kunar,1301,Asadabad,273,39,63,79,131
26-07-20,6,Nangarhar,611,Sherzad,6,Nangarhar,601,Jalalabad,140,20,27,33,80
18-07-20,13,Kunar,1307,Dara-e-Pech,13,Kunar,1301,Asadabad,91,13,15,21,55
18-07-20,13,Kunar,1305,Marawara,13,Kunar,1305,Marawara,35,5,7,13,15
18-07-20,13,Kunar,1312,Ghaziabad,13,Kunar,1301,Asadabad,21,3,3,7,11
18-07-20,13,Kunar,1302,Watapur,13,Kunar,1301,Asadabad,14,2,2,3,9
25-07-20,6,Nangarhar,604,Khogyani,6,Nangarhar,603,Surkhrod,21,3,5,7,9
25-07-20,6,Nangarhar,611,Sherzad,6,Nangarhar,602,Behsud,14,2,3,3,8
17-08-20,6,Nangarhar,604,Khogyani,6,Nangarhar,603,Surkhrod,14,2,2,3,9
15-08-20,13,Kunar,1304,Sarkani,13,Kunar,1304,Sarkani,119,17,21,29,69
15-08-20,13,Kunar,1302,Watapur,13,Kunar,1301,Asadabad,105,15,19,23,63
15-08-20,13,Kunar,1305,Marawara,13,Kunar,1305,Marawara,63,9,10,17,36
03-09-20,6,Nangarhar,619,Muhmand Dara,6,Nangarhar,617,Achin,546,78,102,173,271
03-09-20,6,Nangarhar,619,Muhmand Dara,6,Nangarhar,618,Shinwar,2723,389,732,951,1040
03-09-20,6,Nangarhar,619,Muhmand Dara,6,Nangarhar,619,Muhmand Dara,1218,174,207,291,720
03-09-20,6,Nangarhar,619,Muhmand Dara,6,Nangarhar,620,Lalpur,126,18,27,35,64
05-09-20,6,Nangarhar,611,Sherzad,6,Nangarhar,603,Surkhrod,14,2,2,2,10
21-09-20,6,Nangarhar,611,Sherzad,6,Nangarhar,602,Behsud,49,7,7,7,35
30-03-20,13,Kunar,1307,Dara-e-Pech,6,Nangarhar,601,Jalalabad,35,5,5,7,23
30-03-20,13,Kunar,1307,Dara-e-Pech,13,Kunar,1301,Asadabad,189,27,29,32,128
30-03-20,13,Kunar,1307,Dara-e-Pech,13,Kunar,1303,Narang,63,9,9,9,45
26-02-20,13,Kunar,1308,Chawkay,13,Kunar,1301,Asadabad,91,13,15,23,53
21-09-20,7,Laghman,702,Alishang,7,Laghman,701,Mehtarlam / Bad Pash,2058,294,397,437,1224
22-09-20,6,Nangarhar,611,Sherzad,6,Nangarhar,603,Surkhrod,154,22,27,29,98
22-09-20,6,Nangarhar,604,Khogyani,6,Nangarhar,603,Surkhrod,42,6,6,6,30
22-09-20,6,Nangarhar,604,Khogyani,6,Nangarhar,601,Jalalabad,49,7,7,7,35
05-09-20,13,Kunar,1304,Sarkani,13,Kunar,1304,Sarkani,42,6,7,9,26
07-09-20,13,Kunar,1315,Nari,13,Kunar,1301,Asadabad,21,3,3,3,15
11-09-20,13,Kunar,1305,Marawara,13,Kunar,1305,Marawara,28,4,4,4,20
15-09-20,13,Kunar,1312,Ghaziabad,13,Kunar,1301,Asadabad,28,4,5,4,19
17-09-20,13,Kunar,1308,Chawkay,13,Kunar,1309,Khaskunar,14,2,2,2,10
15-09-20,13,Kunar,1307,Dara-e-Pech,13,Kunar,1301,Asadabad,35,5,5,5,25
17-09-20,6,Nangarhar,611,Sherzad,6,Nangarhar,603,Surkhrod,91,13,13,13,65
17-09-20,6,Nangarhar,611,Sherzad,6,Nangarhar,601,Jalalabad,21,3,3,3,18
19-09-20,6,Nangarhar,611,Sherzad,6,Nangarhar,603,Surkhrod,133,19,19,19,95
23-09-20,6,Nangarhar,611,Sherzad,6,Nangarhar,604,Khogyani,217,31,31,31,155
23-09-20,6,Nangarhar,611,Sherzad,6,Nangarhar,602,Behsud,28,4,4,4,20
23-09-20,6,Nangarhar,611,Sherzad,6,Nangarhar,601,Jalalabad,21,3,3,3,15
11-10-20,13,Kunar,1312,Ghaziabad,13,Kunar,1301,Asadabad,35,5,7,7,21
11-10-20,13,Kunar,1302,Watapur,13,Kunar,1301,Asadabad,28,4,5,6,17
11-10-20,13,Kunar,1306,Shigal Wa Sheltan,13,Kunar,1301,Asadabad,133,19,23,31,79
07-10-20,16,Takhar,1603,Baharak,6,Nangarhar,603,Surkhrod,21,3,3,3,15
07-10-20,2,Kapisa,205,Tagab,6,Nangarhar,603,Surkhrod,7,1,1,1,5
07-10-20,6,Nangarhar,611,Sherzad,6,Nangarhar,601,Jalalabad,49,7,9,11,29
07-10-20,6,Nangarhar,611,Sherzad,6,Nangarhar,603,Surkhrod,28,4,6,5,17
11-10-20,6,Nangarhar,611,Sherzad,6,Nangarhar,604,Khogyani,21,3,3,3,15
11-10-20,6,Nangarhar,610,Hesarak,6,Nangarhar,602,Behsud,7,1,1,1,5
11-10-20,6,Nangarhar,614,Kot,6,Nangarhar,601,Jalalabad,7,1,1,1,5
11-10-20,5,Logar,507,Azra,6,Nangarhar,604,Khogyani,14,2,2,2,10
11-10-20,6,Nangarhar,611,Sherzad,6,Nangarhar,601,Jalalabad,7,1,1,1,5
11-10-20,6,Nangarhar,611,Sherzad,6,Nangarhar,607,Kama,14,2,2,2,10
27-09-20,7,Laghman,704,Alingar,7,Laghman,701,Mehtarlam / Bad Pash,130,20,25,30,75
27-09-20,7,Laghman,702,Alishang,7,Laghman,701,Mehtarlam / Bad Pash,1970,301,350,385,1235
26-09-20,7,Laghman,701,Mehtarlam / Bad Pash,7,Laghman,701,Mehtarlam / Bad Pash,170,25,31,35,104
27-10-20,32,Hilmand,3210,Kajaki,6,Nangarhar,602,Behsud,119,17,23,29,67
25-10-20,13,Kunar,1306,Shigal Wa Sheltan,13,Kunar,1301,Asadabad,80,12,15,16,49
25-10-20,13,Kunar,1302,Watapur,13,Kunar,1301,Asadabad,75,12,14,15,46
25-10-20,13,Kunar,1305,Marawara,13,Kunar,1305,Marawara,10,2,4,3,3
25-10-20,13,Kunar,1308,Chawkay,13,Kunar,1301,Asadabad,26,4,6,7,13
02-11-20,6,Nangarhar,621,Nazyan,6,Nangarhar,621,Nazyan,412,60,83,89,240
02-11-20,3,Parwan,301,Charikar,6,Nangarhar,601,Jalalabad,12,2,4,4,4
07-11-20,17,Kunduz,1702,Emamsaheb,6,Nangarhar,602,Behsud,7,1,1,2,4
08-11-20,13,Kunar,1307,Dara-e-Pech,6,Nangarhar,602,Behsud,17,3,5,6,6
09-11-20,6,Nangarhar,610,Hesarak,6,Nangarhar,603,Surkhrod,42,6,9,11,22
10-11-20,1,Kabul,113,Surobi,6,Nangarhar,603,Surkhrod,11,2,3,4,4
11-11-20,6,Nangarhar,611,Sherzad,6,Nangarhar,603,Surkhrod,275,40,49,51,175
13-11-20,6,Nangarhar,611,Sherzad,6,Nangarhar,601,Jalalabad,12,2,3,5,4
17-11-20,6,Nangarhar,604,Khogyani,6,Nangarhar,603,Surkhrod,32,5,7,9,32
19-11-20,13,Kunar,1307,Dara-e-Pech,6,Nangarhar,602,Behsud,23,3,5,7,11
21-11-20,6,Nangarhar,610,Hesarak,6,Nangarhar,603,Surkhrod,51,7,12,14,25
11-11-20,6,Nangarhar,604,Khogyani,6,Nangarhar,601,Jalalabad,53,7,12,15,26
19-11-20,6,Nangarhar,611,Sherzad,6,Nangarhar,603,Surkhrod,43,6,9,11,23
22-11-20,6,Nangarhar,611,Sherzad,6,Nangarhar,603,Surkhrod,142,21,41,48,53
23-11-20,6,Nangarhar,604,Khogyani,6,Nangarhar,603,Surkhrod,261,38,51,58,152
24-11-20,6,Nangarhar,610,Hesarak,6,Nangarhar,603,Surkhrod,65,9,16,19,30
23-11-20,6,Nangarhar,604,Khogyani,6,Nangarhar,601,Jalalabad,15,2,3,5,7
24-11-20,12,Paktya,1204,Zurmat,6,Nangarhar,601,Jalalabad,61,8,14,18,29
27-11-20,6,Nangarhar,611,Sherzad,6,Nangarhar,604,Khogyani,321,45,58,71,192
03-12-20,6,Nangarhar,604,Khogyani,6,Nangarhar,603,Surkhrod,34,5,8,9,17
03-12-20,13,Kunar,1307,Dara-e-Pech,13,Kunar,1301,Asadabad,55,8,5,11,39
04-12-20,13,Kunar,1306,Shigal Wa Sheltan,13,Kunar,1301,Asadabad,44,8,6,13,25
05-12-20,13,Kunar,1304,Sarkani,13,Kunar,1304,Sarkani,33,4,5,5,23
06-12-20,14,Nuristan,1406,Waygal,13,Kunar,1301,Asadabad,11,2,2,3,6
20-10-20,13,Kunar,1305,Marawara,13,Kunar,1309,Khaskunar,24,3,3,3,18
14-10-20,13,Kunar,1305,Marawara,13,Kunar,1305,Marawara,8,1,1,1,6
08-10-20,13,Kunar,1312,Ghaziabad,13,Kunar,1303,Narang,14,2,1,2,11
03-12-20,6,Nangarhar,610,Hesarak,6,Nangarhar,603,Surkhrod,68,10,14,15,39
03-12-20,6,Nangarhar,611,Sherzad,6,Nangarhar,603,Surkhrod,75,11,15,18,42
03-12-20,6,Nangarhar,604,Khogyani,6,Nangarhar,601,Jalalabad,112,16,24,29,59
04-12-20,6,Nangarhar,610,Hesarak,6,Nangarhar,603,Surkhrod,238,34,45,50,143
05-12-20,6,Nangarhar,611,Sherzad,6,Nangarhar,603,Surkhrod,259,37,49,55,155
06-12-20,6,Nangarhar,604,Khogyani,6,Nangarhar,604,Khogyani,119,17,23,25,71
07-12-20,7,Laghman,702,Alishang,6,Nangarhar,601,Jalalabad,28,4,5,6,17
08-12-20,13,Kunar,1308,Chawkay,6,Nangarhar,602,Behsud,14,2,2,3,9
09-12-20,2,Kapisa,205,Tagab,6,Nangarhar,603,Surkhrod,21,3,3,5,13
10-08-20,22,Daykundi,2205,Gizab / Patoo,22,Daykundi,2201,Nili,14,2,,,
21-08-20,22,Daykundi,2205,Gizab / Patoo,22,Daykundi,2205,Gizab / Patoo,700,100,,,
01-08-20,10,Bamyan,1006,Kahmard,10,Bamyan,1001,Bamyan,308,44,,,
20-09-20,22,Daykundi,2205,Gizab / Patoo,22,Daykundi,2205,Gizab / Patoo,560,80,,,
01-01-20,5,Logar,506,Kharwar,5,Logar,501,Pul-e-Alam,154,22,,,
01-01-20,2,Kapisa,205,Tagab,2,Kapisa,202,Nejrab,336,48,,,
02-01-20,5,Logar,503,Mohammadagha,5,Logar,501,Pul-e-Alam,175,25,,,
02-01-20,6,Nangarhar,603,Surkhrod,1,Kabul,101,Kabul,28,4,,,
02-01-20,2,Kapisa,205,Tagab,1,Kabul,101,Kabul,70,10,,,
02-01-20,4,Wardak,407,Saydabad,1,Kabul,101,Kabul,70,10,,,
03-01-20,5,Logar,504,Barakibarak,5,Logar,501,Pul-e-Alam,161,23,,,
04-01-20,2,Kapisa,202,Nejrab,2,Kapisa,207,Hisa-e-Awal-e-Kohestan,210,30,,,
05-01-20,17,Kunduz,1704,Chardarah,1,Kabul,101,Kabul,12,3,,,
06-01-20,22,Daykundi,2201,Nili,1,Kabul,101,Kabul,105,15,,,
09-01-20,10,Bamyan,1005,Shibar,1,Kabul,101,Kabul,126,18,,,
12-01-20,9,Baghlan,906,Tala Wa barfak,2,Kapisa,201,Mahmud-e-Raqi,126,18,,,
15-01-20,5,Logar,504,Barakibarak,1,Kabul,101,Kabul,70,10,,,
15-01-20,9,Baghlan,903,Dahana-e-Ghori,1,Kabul,101,Kabul,140,20,,,
17-01-20,17,Kunduz,1704,Chardarah,1,Kabul,101,Kabul,56,8,,,
04-02-20,28,Faryab,2810,Dawlatabad,1,Kabul,101,Kabul,210,30,,,
06-02-20,9,Baghlan,904,Doshi,1,Kabul,101,Kabul,210,30,,,
08-02-20,5,Logar,502,Khoshi,5,Logar,501,Pul-e-Alam,70,10,,,
09-02-20,5,Logar,503,Mohammadagha,5,Logar,501,Pul-e-Alam,196,28,,,
10-02-20,5,Logar,504,Barakibarak,5,Logar,501,Pul-e-Alam,154,22,,,
10-02-20,9,Baghlan,903,Dahana-e-Ghori,1,Kabul,101,Kabul,56,8,,,
11-02-20,5,Logar,505,Charkh,5,Logar,501,Pul-e-Alam,77,11,,,
11-02-20,4,Wardak,402,Jalrez,1,Kabul,101,Kabul,84,12,,,
12-02-20,2,Kapisa,205,Tagab,1,Kabul,101,Kabul,84,12,,,
13-02-20,22,Daykundi,2204,Kiti,1,Kabul,101,Kabul,56,8,,,
15-02-20,10,Bamyan,1002,Sayghan,1,Kabul,101,Kabul,49,7,,,
17-02-20,17,Kunduz,1704,Chardarah,1,Kabul,101,Kabul,70,10,,,
21-02-20,5,Logar,505,Charkh,1,Kabul,101,Kabul,70,10,,,
02-03-20,9,Baghlan,903,Dahana-e-Ghori,1,Kabul,101,Kabul,105,15,,,
04-03-20,2,Kapisa,206,Alasay,2,Kapisa,207,Hisa-e-Awal-e-Kohestan,28,4,,,
05-03-20,2,Kapisa,202,Nejrab,2,Kapisa,204,Hisa-e-Duwum-e-Kohestan,28,4,,,
09-03-20,2,Kapisa,205,Tagab,2,Kapisa,201,Mahmud-e-Raqi,14,2,,,
10-03-20,2,Kapisa,206,Alasay,2,Kapisa,207,Hisa-e-Awal-e-Kohestan,21,3,,,
12-03-20,2,Kapisa,205,Tagab,2,Kapisa,204,Hisa-e-Duwum-e-Kohestan,35,5,,,
16-03-20,2,Kapisa,202,Nejrab,2,Kapisa,201,Mahmud-e-Raqi,14,2,,,
25-03-20,11,Ghazni,1105,Andar,1,Kabul,101,Kabul,350,50,,,
05-04-20,4,Wardak,402,Jalrez,4,Wardak,401,Maydanshahr,315,45,,,
06-04-20,4,Wardak,403,Nerkh,4,Wardak,401,Maydanshahr,189,27,,,
07-04-20,4,Wardak,401,Maydanshahr,4,Wardak,401,Maydanshahr,154,22,,,
09-04-20,4,Wardak,407,Saydabad,1,Kabul,101,Kabul,280,40,,,
10-04-20,9,Baghlan,903,Dahana-e-Ghori,1,Kabul,101,Kabul,168,24,,,
13-04-20,5,Logar,504,Barakibarak,1,Kabul,101,Kabul,70,10,,,
07-06-20,5,Logar,504,Barakibarak,5,Logar,501,Pul-e-Alam,210,30,,,
08-06-20,5,Logar,503,Mohammadagha,5,Logar,501,Pul-e-Alam,140,20,,,
09-06-20,5,Logar,501,Pul-e-Alam,5,Logar,501,Pul-e-Alam,77,11,,,
14-06-20,4,Wardak,402,Jalrez,4,Wardak,401,Maydanshahr,175,25,,,
15-06-20,9,Baghlan,903,Dahana-e-Ghori,1,Kabul,101,Kabul,70,10,,,
15-06-20,4,Wardak,403,Nerkh,4,Wardak,401,Maydanshahr,140,20,,,
16-06-20,9,Baghlan,913,Khost Wa Fereng,8,Panjsher,801,Bazarak,28,4,,,
16-06-20,4,Wardak,401,Maydanshahr,4,Wardak,401,Maydanshahr,105,15,,,
17-06-20,4,Wardak,406,Chak,4,Wardak,401,Maydanshahr,63,9,,,
29-06-20,17,Kunduz,1706,Khanabad,1,Kabul,101,Kabul,35,5,,,
08-07-20,15,Badakhshan,1503,Argo,8,Panjsher,805,Khenj (Hes-e-Awal),14,2,,,
10-07-20,2,Kapisa,205,Tagab,1,Kabul,101,Kabul,35,5,,,
10-07-20,22,Daykundi,2205,Gizab / Patoo,1,Kabul,101,Kabul,140,20,,,
14-07-20,5,Logar,505,Charkh,1,Kabul,101,Kabul,70,10,,,
15-07-20,5,Logar,504,Barakibarak,1,Kabul,101,Kabul,21,3,,,
15-07-20,9,Baghlan,904,Doshi,1,Kabul,101,Kabul,21,3,,,
17-07-20,1,Kabul,113,Surobi,1,Kabul,113,Surobi,868,124,,,
28-07-20,11,Ghazni,1105,Andar,1,Kabul,101,Kabul,70,10,,,
02-08-20,2,Kapisa,205,Tagab,1,Kabul,101,Kabul,49,7,,,
03-08-20,4,Wardak,405,Daymirdad,4,Wardak,401,Maydanshahr,140,20,,,
04-08-20,4,Wardak,409,Jaghatu,4,Wardak,401,Maydanshahr,105,15,,,
05-08-20,16,Takhar,1614,Khwajaghar,1,Kabul,101,Kabul,28,4,,,
05-08-20,15,Badakhshan,1512,Baharak,3,Parwan,301,Charikar,28,4,,,
05-08-20,4,Wardak,401,Maydanshahr,4,Wardak,401,Maydanshahr,77,11,,,
09-08-20,5,Logar,504,Barakibarak,5,Logar,501,Pul-e-Alam,210,30,,,
10-08-20,5,Logar,503,Mohammadagha,5,Logar,501,Pul-e-Alam,140,20,,,
11-08-20,5,Logar,501,Pul-e-Alam,5,Logar,501,Pul-e-Alam,63,9,,,
12-08-20,2,Kapisa,206,Alasay,2,Kapisa,201,Mahmud-e-Raqi,42,6,,,
12-08-20,7,Laghman,705,Dawlatshah,8,Panjsher,803,Rukha,14,2,,,
13-08-20,17,Kunduz,1705,Aliabad,3,Parwan,301,Charikar,35,5,,,
15-08-20,9,Baghlan,903,Dahana-e-Ghori,1,Kabul,101,Kabul,21,3,,,
30-08-20,19,Samangan,1906,Khuram Wa Sarbagh,1,Kabul,101,Kabul,42,6,,,
09-09-20,14,Nuristan,1402,Mandol,8,Panjsher,801,Bazarak,14,2,,,
10-09-20,16,Takhar,1610,Chahab,3,Parwan,304,Bagram,14,2,,,
15-09-20,4,Wardak,402,Jalrez,1,Kabul,101,Kabul,14,2,,,
25-09-20,5,Logar,504,Barakibarak,1,Kabul,101,Kabul,14,2,,,
01-10-20,9,Baghlan,903,Dahana-e-Ghori,1,Kabul,101,Kabul,70,10,,,
12-10-20,15,Badakhshan,1526,Koran Wa Monjan,1,Kabul,101,Kabul,49,7,,,
13-10-20,28,Faryab,2806,Qaysar,3,Parwan,302,Jabalussaraj,21,3,,,
26-10-20,2,Kapisa,205,Tagab,3,Parwan,304,Bagram,35,5,,,
28-10-20,17,Kunduz,1707,Dasht-e-Archi,1,Kabul,101,Kabul,42,6,,,
05-11-20,16,Takhar,1610,Chahab,1,Kabul,101,Kabul,56,8,,,
13-11-20,19,Samangan,1906,Khuram Wa Sarbagh,1,Kabul,101,Kabul,42,6,,,
06-12-20,9,Baghlan,904,Doshi,1,Kabul,101,Kabul,70,10,,,
10-12-20,17,Kunduz,1707,Dasht-e-Archi,1,Kabul,101,Kabul,28,4,,,
12-12-20,19,Samangan,1906,Khuram Wa Sarbagh,1,Kabul,101,Kabul,21,3,,,
01-01-20,26,Khost,2602,Sabari,26,Khost,2601,Khost (Matun),105,15,,,
02-01-20,26,Khost,2603,Musakhel,26,Khost,2601,Khost (Matun),98,14,,,
02-01-20,25,Paktika,2510,Urgun,26,Khost,2601,Khost (Matun),70,10,,,
07-01-20,26,Khost,2602,Sabari,26,Khost,2601,Khost (Matun),238,34,,,
08-01-20,26,Khost,2608,Terezayi,26,Khost,2601,Khost (Matun),105,15,,,
09-01-20,5,Logar,504,Barakibarak,26,Khost,2601,Khost (Matun),84,12,,,
11-01-20,25,Paktika,2510,Urgun,26,Khost,2601,Khost (Matun),49,7,,,
09-02-20,26,Khost,2602,Sabari,26,Khost,2601,Khost (Matun),196,28,,,
10-02-20,26,Khost,2604,Nadirshahkot,26,Khost,2601,Khost (Matun),140,20,,,
11-02-20,26,Khost,2609,Qalandar,26,Khost,2601,Khost (Matun),126,18,,,
10-02-20,26,Khost,2611,Spera,26,Khost,2601,Khost (Matun),105,15,,,
13-02-20,25,Paktika,2516,Gyan,26,Khost,2601,Khost (Matun),56,8,,,
02-01-20,12,Paktya,1202,Sayedkaram / Mirzaka,12,Paktya,1201,Gardez,245,35,,,
04-01-20,12,Paktya,1209,Janikhel,12,Paktya,1201,Gardez,175,25,,,
06-01-20,12,Paktya,1204,Zurmat,12,Paktya,1201,Gardez,147,21,,,
07-01-20,12,Paktya,1206,Zadran,12,Paktya,1201,Gardez,77,11,,,
09-01-20,5,Logar,504,Barakibarak,12,Paktya,1201,Gardez,42,6,,,
16-02-20,12,Paktya,1204,Zurmat,12,Paktya,1201,Gardez,273,39,,,
18-02-20,12,Paktya,1208,Alikhel (Jaji),12,Paktya,1201,Gardez,147,21,,,
19-02-20,12,Paktya,1202,Sayedkaram / Mirzaka,12,Paktya,1201,Gardez,168,24,,,
22-02-20,12,Paktya,1209,Janikhel,12,Paktya,1201,Gardez,119,17,,,
23-02-20,12,Paktya,1207,Lija Ahmad Khel / Laja Mangel,12,Paktya,1201,Gardez,70,10,,,
25-02-20,5,Logar,503,Mohammadagha,12,Paktya,1201,Gardez,35,5,,,
07-01-20,25,Paktika,2509,Sarobi,25,Paktika,2501,Sharan,28,4,,,
10-01-20,25,Paktika,2514,Wormamay,25,Paktika,2510,Urgun,14,2,,,
04-02-20,25,Paktika,2518,Dila,25,Paktika,2501,Sharan,105,15,,,
11-02-20,25,Paktika,2511,Naka,25,Paktika,2501,Sharan,77,11,,,
12-02-20,25,Paktika,2519,Turwo,25,Paktika,2510,Urgun,28,4,,,
27-06-20,25,Paktika,2502,Matakhan,25,Paktika,2502,Matakhan,154,22,,,
10-08-20,25,Paktika,2515,Bermel,25,Paktika,2515,Bermel,1806,258,,,
18-08-20,11,Ghazni,1101,Ghazni,11,Ghazni,1101,Ghazni,637,91,,,
21-07-20,11,Ghazni,1101,Ghazni,11,Ghazni,1101,Ghazni,252,30,,,
20-05-20,11,Ghazni,1110,Qarabagh,11,Ghazni,1101,Ghazni,102,16,,,
05-04-20,26,Khost,2602,Sabari,26,Khost,2601,Khost (Matun),161,23,,,
06-04-20,26,Khost,2612,Bak,26,Khost,2601,Khost (Matun),140,20,,,
07-04-20,26,Khost,2608,Terezayi,26,Khost,2601,Khost (Matun),105,15,,,
08-06-20,12,Paktya,1209,Janikhel,12,Paktya,1201,Gardez,210,30,,,
09-06-20,12,Paktya,1206,Zadran,12,Paktya,1201,Gardez,154,22,,,
11-06-20,12,Paktya,1204,Zurmat,12,Paktya,1201,Gardez,105,15,,,
14-06-20,12,Paktya,1202,Sayedkaram / Mirzaka,12,Paktya,1201,Gardez,70,10,,,
06-09-20,12,Paktya,1208,Alikhel (Jaji),12,Paktya,1201,Gardez,196,28,,,
08-09-20,12,Paktya,1202,Sayedkaram / Mirzaka,12,Paktya,1201,Gardez,140,20,,,
13-09-20,12,Paktya,1206,Zadran,12,Paktya,1201,Gardez,126,18,,,
14-09-20,12,Paktya,1203,Ahmadaba,12,Paktya,1201,Gardez,70,10,,,
15-09-20,12,Paktya,1209,Janikhel,12,Paktya,1201,Gardez,84,12,,,
06-04-20,26,Khost,2603,Musakhel,26,Khost,2601,Khost (Matun),63,9,,,
04-08-20,26,Khost,2602,Sabari,26,Khost,2601,Khost (Matun),140,20,,,
05-08-20,26,Khost,2608,Terezayi,26,Khost,2601,Khost (Matun),133,19,,,
09-08-20,26,Khost,2603,Musakhel,26,Khost,2601,Khost (Matun),126,18,,,
10-08-20,26,Khost,2612,Bak,26,Khost,2601,Khost (Matun),84,12,,,
12-08-20,26,Khost,2609,Qalandar,26,Khost,2601,Khost (Matun),70,10,,,
15-08-20,11,Ghazni,1101,Ghazni,11,Ghazni,1101,Ghazni,147,21,,,
20-08-20,11,Ghazni,1110,Qarabagh,11,Ghazni,1101,Ghazni,1281,183,,,
21-07-20,11,Ghazni,1101,Ghazni,11,Ghazni,1101,Ghazni,252,30,,,
01-01-20,32,Hilmand,3208,Washer,32,Hilmand,3208,Washer,2597,355,385,401,1811
01-01-20,32,Hilmand,3208,Washer,32,Hilmand,3208,Washer,1047,134,136,146,765
10-09-20,24,Zabul,2405,Shinkay,24,Zabul,2405,Shinkay,785,86,,,
21-02-20,13,Kunar,1308,Chawkay,13,Kunar,1308,Chawkay,112,16,27,35,50
06-02-20,7,Laghman,702,Alishang,7,Laghman,702,Alishang,812,116,137,203,472
03-03-20,13,Kunar,1314,Nurgal,13,Kunar,1314,Nurgal,287,41,61,73,153
25-07-20,6,Nangarhar,611,Sherzad,6,Nangarhar,611,Sherzad,2520,360,,,
21-09-20,7,Laghman,702,Alishang,7,Laghman,702,Alishang,735,105,113,198,424
23-08-20,14,Nuristan,1405,Wama,14,Nuristan,1401,Poruns,49,7,9,11,29
23-08-20,14,Nuristan,1406,Waygal,14,Nuristan,1401,Poruns,35,5,7,9,19
01-10-20,23,Uruzgan,2305,Khasuruzgan,22,Daykundi,2205,Gizab / Patoo,6125,875,,,
